[
{
"Date": "26-04-2020",
"Confirmed": 49,
"Recovered": 14,
"Deceased": 3
},
{
"Date": "27-04-2020",
"Confirmed": 51,
"Recovered": 15,
"Deceased": 3
},
{
"Date": "28-04-2020",
"Confirmed": 60,
"Recovered": 18,
"Deceased": 3
},
{
"Date": "29-04-2020",
"Confirmed": 71,
"Recovered": 23,
"Deceased": 3
},
{
"Date": "30-04-2020",
"Confirmed": 74,
"Recovered": 24,
"Deceased": 4
},
{
"Date": "01-05-2020",
"Confirmed": 74,
"Recovered": 30,
"Deceased": 4
},
{
"Date": "02-05-2020",
"Confirmed": 74,
"Recovered": 31,
"Deceased": 5
},
{
"Date": "03-05-2020",
"Confirmed": 74,
"Recovered": 34,
"Deceased": 6
},
{
"Date": "04-05-2020",
"Confirmed": 75,
"Recovered": 37,
"Deceased": 6
},
{
"Date": "05-05-2020",
"Confirmed": 75,
"Recovered": 37,
"Deceased": 6
},
{
"Date": "06-05-2020",
"Confirmed": 76,
"Recovered": 38,
"Deceased": 6
},
{
"Date": "07-05-2020",
"Confirmed": 76,
"Recovered": 43,
"Deceased": 6
},
{
"Date": "08-05-2020",
"Confirmed": 77,
"Recovered": 46,
"Deceased": 6
},
{
"Date": "09-05-2020",
"Confirmed": 77,
"Recovered": 46,
"Deceased": 6
},
{
"Date": "10-05-2020",
"Confirmed": 78,
"Recovered": 63,
"Deceased": 7
},
{
"Date": "11-05-2020",
"Confirmed": 80,
"Recovered": 70,
"Deceased": 7
},
{
"Date": "12-05-2020",
"Confirmed": 80,
"Recovered": 70,
"Deceased": 7
},
{
"Date": "13-05-2020",
"Confirmed": 80,
"Recovered": 70,
"Deceased": 7
},
{
"Date": "14-05-2020",
"Confirmed": 82,
"Recovered": 70,
"Deceased": 7
},
{
"Date": "15-05-2020",
"Confirmed": 82,
"Recovered": 70,
"Deceased": 8
},
{
"Date": "16-05-2020",
"Confirmed": 82,
"Recovered": 71,
"Deceased": 8
},
{
"Date": "17-05-2020",
"Confirmed": 83,
"Recovered": 74,
"Deceased": 8
},
{
"Date": "18-05-2020",
"Confirmed": 83,
"Recovered": 74,
"Deceased": 8
},
{
"Date": "19-05-2020",
"Confirmed": 83,
"Recovered": 74,
"Deceased": 8
},
{
"Date": "20-05-2020",
"Confirmed": 85,
"Recovered": 75,
"Deceased": 8
},
{
"Date": "21-05-2020",
"Confirmed": 85,
"Recovered": 75,
"Deceased": 9
},
{
"Date": "22-05-2020",
"Confirmed": 87,
"Recovered": 75,
"Deceased": 9
},
{
"Date": "23-05-2020",
"Confirmed": 90,
"Recovered": 75,
"Deceased": 9
},
{
"Date": "24-05-2020",
"Confirmed": 91,
"Recovered": 75,
"Deceased": 9
},
{
"Date": "25-05-2020",
"Confirmed": 93,
"Recovered": 77,
"Deceased": 10
},
{
"Date": "26-05-2020",
"Confirmed": 93,
"Recovered": 77,
"Deceased": 10
},
{
"Date": "27-05-2020",
"Confirmed": 95,
"Recovered": 77,
"Deceased": 10
},
{
"Date": "28-05-2020",
"Confirmed": 97,
"Recovered": 77,
"Deceased": 10
},
{
"Date": "29-05-2020",
"Confirmed": 97,
"Recovered": 78,
"Deceased": 10
},
{
"Date": "30-05-2020",
"Confirmed": 99,
"Recovered": 82,
"Deceased": 10
},
{
"Date": "31-05-2020",
"Confirmed": 99,
"Recovered": 82,
"Deceased": 10
},
{
"Date": "01-06-2020",
"Confirmed": 101,
"Recovered": 84,
"Deceased": 10
},
{
"Date": "02-06-2020",
"Confirmed": 101,
"Recovered": 87,
"Deceased": 10
},
{
"Date": "03-06-2020",
"Confirmed": 102,
"Recovered": 87,
"Deceased": 10
},
{
"Date": "04-06-2020",
"Confirmed": 106,
"Recovered": 91,
"Deceased": 10
},
{
"Date": "05-06-2020",
"Confirmed": 106,
"Recovered": 91,
"Deceased": 11
},
{
"Date": "06-06-2020",
"Confirmed": 108,
"Recovered": 91,
"Deceased": 11
},
{
"Date": "07-06-2020",
"Confirmed": 111,
"Recovered": 91,
"Deceased": 11
},
{
"Date": "08-06-2020",
"Confirmed": 111,
"Recovered": 92,
"Deceased": 11
},
{
"Date": "09-06-2020",
"Confirmed": 115,
"Recovered": 93,
"Deceased": 11
},
{
"Date": "10-06-2020",
"Confirmed": 119,
"Recovered": 95,
"Deceased": 11
},
{
"Date": "11-06-2020",
"Confirmed": 124,
"Recovered": 99,
"Deceased": 12
},
{
"Date": "12-06-2020",
"Confirmed": 124,
"Recovered": 101,
"Deceased": 12
},
{
"Date": "13-06-2020",
"Confirmed": 125,
"Recovered": 101,
"Deceased": 12
},
{
"Date": "14-06-2020",
"Confirmed": 128,
"Recovered": 104,
"Deceased": 12
},
{
"Date": "15-06-2020",
"Confirmed": 129,
"Recovered": 107,
"Deceased": 12
},
{
"Date": "16-06-2020",
"Confirmed": 131,
"Recovered": 108,
"Deceased": 12
},
{
"Date": "17-06-2020",
"Confirmed": 135,
"Recovered": 111,
"Deceased": 13
},
{
"Date": "18-06-2020",
"Confirmed": 141,
"Recovered": 118,
"Deceased": 13
},
{
"Date": "19-06-2020",
"Confirmed": 142,
"Recovered": 126,
"Deceased": 13
},
{
"Date": "20-06-2020",
"Confirmed": 146,
"Recovered": 126,
"Deceased": 13
},
{
"Date": "21-06-2020",
"Confirmed": 150,
"Recovered": 126,
"Deceased": 13
},
{
"Date": "22-06-2020",
"Confirmed": 156,
"Recovered": 132,
"Deceased": 13
},
{
"Date": "23-06-2020",
"Confirmed": 158,
"Recovered": 134,
"Deceased": 13
},
{
"Date": "24-06-2020",
"Confirmed": 167,
"Recovered": 139,
"Deceased": 13
},
{
"Date": "25-06-2020",
"Confirmed": 174,
"Recovered": 147,
"Deceased": 13
},
{
"Date": "26-06-2020",
"Confirmed": 182,
"Recovered": 157,
"Deceased": 13
},
{
"Date": "27-06-2020",
"Confirmed": 193,
"Recovered": 165,
"Deceased": 13
},
{
"Date": "28-06-2020",
"Confirmed": 196,
"Recovered": 168,
"Deceased": 13
},
{
"Date": "29-06-2020",
"Confirmed": 207,
"Recovered": 178,
"Deceased": 13
},
{
"Date": "30-06-2020",
"Confirmed": 221,
"Recovered": 184,
"Deceased": 13
},
{
"Date": "01-07-2020",
"Confirmed": 229,
"Recovered": 192,
"Deceased": 13
},
{
"Date": "02-07-2020",
"Confirmed": 232,
"Recovered": 192,
"Deceased": 13
},
{
"Date": "03-07-2020",
"Confirmed": 241,
"Recovered": 202,
"Deceased": 13
},
{
"Date": "04-07-2020",
"Confirmed": 245,
"Recovered": 210,
"Deceased": 13
},
{
"Date": "05-07-2020",
"Confirmed": 245,
"Recovered": 210,
"Deceased": 13
},
{
"Date": "06-07-2020",
"Confirmed": 246,
"Recovered": 211,
"Deceased": 13
},
{
"Date": "07-07-2020",
"Confirmed": 256,
"Recovered": 216,
"Deceased": 13
},
{
"Date": "08-07-2020",
"Confirmed": 261,
"Recovered": 227,
"Deceased": 13
},
{
"Date": "09-07-2020",
"Confirmed": 272,
"Recovered": 233,
"Deceased": 13
},
{
"Date": "10-07-2020",
"Confirmed": 279,
"Recovered": 241,
"Deceased": 13
},
{
"Date": "11-07-2020",
"Confirmed": 287,
"Recovered": 247,
"Deceased": 13
},
{
"Date": "12-07-2020",
"Confirmed": 298,
"Recovered": 254,
"Deceased": 13
},
{
"Date": "13-07-2020",
"Confirmed": 307,
"Recovered": 267,
"Deceased": 13
},
{
"Date": "14-07-2020",
"Confirmed": 317,
"Recovered": 273,
"Deceased": 13
},
{
"Date": "15-07-2020",
"Confirmed": 325,
"Recovered": 285,
"Deceased": 13
},
{
"Date": "16-07-2020",
"Confirmed": 334,
"Recovered": 295,
"Deceased": 13
},
{
"Date": "17-07-2020",
"Confirmed": 342,
"Recovered": 303,
"Deceased": 13
},
{
"Date": "18-07-2020",
"Confirmed": 349,
"Recovered": 311,
"Deceased": 13
},
{
"Date": "19-07-2020",
"Confirmed": 356,
"Recovered": 318,
"Deceased": 13
},
{
"Date": "20-07-2020",
"Confirmed": 362,
"Recovered": 325,
"Deceased": 13
},
{
"Date": "21-07-2020",
"Confirmed": 370,
"Recovered": 333,
"Deceased": 13
},
{
"Date": "22-07-2020",
"Confirmed": 377,
"Recovered": 341,
"Deceased": 13
},
{
"Date": "23-07-2020",
"Confirmed": 386,
"Recovered": 345,
"Deceased": 13
},
{
"Date": "24-07-2020",
"Confirmed": 396,
"Recovered": 352,
"Deceased": 13
},
{
"Date": "25-07-2020",
"Confirmed": 406,
"Recovered": 358,
"Deceased": 13
},
{
"Date": "26-07-2020",
"Confirmed": 417,
"Recovered": 362,
"Deceased": 13
},
{
"Date": "27-07-2020",
"Confirmed": 429,
"Recovered": 370,
"Deceased": 13
},
{
"Date": "28-07-2020",
"Confirmed": 440,
"Recovered": 374,
"Deceased": 13
},
{
"Date": "29-07-2020",
"Confirmed": 450,
"Recovered": 389,
"Deceased": 13
},
{
"Date": "30-07-2020",
"Confirmed": 461,
"Recovered": 399,
"Deceased": 13
},
{
"Date": "31-07-2020",
"Confirmed": 472,
"Recovered": 402,
"Deceased": 13
},
{
"Date": "01-08-2020",
"Confirmed": 484,
"Recovered": 416,
"Deceased": 13
},
{
"Date": "02-08-2020",
"Confirmed": 500,
"Recovered": 424,
"Deceased": 13
},
{
"Date": "03-08-2020",
"Confirmed": 511,
"Recovered": 443,
"Deceased": 13
},
{
"Date": "04-08-2020",
"Confirmed": 520,
"Recovered": 443,
"Deceased": 13
},
{
"Date": "05-08-2020",
"Confirmed": 532,
"Recovered": 464,
"Deceased": 13
},
{
"Date": "06-08-2020",
"Confirmed": 538,
"Recovered": 475,
"Deceased": 13
},
{
"Date": "07-08-2020",
"Confirmed": 552,
"Recovered": 484,
"Deceased": 14
},
{
"Date": "08-08-2020",
"Confirmed": 561,
"Recovered": 495,
"Deceased": 14
},
{
"Date": "09-08-2020",
"Confirmed": 566,
"Recovered": 508,
"Deceased": 14
},
{
"Date": "10-08-2020",
"Confirmed": 568,
"Recovered": 523,
"Deceased": 14
},
{
"Date": "11-08-2020",
"Confirmed": 578,
"Recovered": 532,
"Deceased": 14
},
{
"Date": "12-08-2020",
"Confirmed": 591,
"Recovered": 542,
"Deceased": 14
},
{
"Date": "13-08-2020",
"Confirmed": 600,
"Recovered": 548,
"Deceased": 14
},
{
"Date": "14-08-2020",
"Confirmed": 612,
"Recovered": 548,
"Deceased": 14
},
{
"Date": "15-08-2020",
"Confirmed": 620,
"Recovered": 592,
"Deceased": 14
},
{
"Date": "16-08-2020",
"Confirmed": 629,
"Recovered": 592,
"Deceased": 14
},
{
"Date": "17-08-2020",
"Confirmed": 638,
"Recovered": 599,
"Deceased": 14
},
{
"Date": "18-08-2020",
"Confirmed": 646,
"Recovered": 604,
"Deceased": 14
},
{
"Date": "19-08-2020",
"Confirmed": 659,
"Recovered": 611,
"Deceased": 14
},
{
"Date": "20-08-2020",
"Confirmed": 667,
"Recovered": 617,
"Deceased": 14
},
{
"Date": "21-08-2020",
"Confirmed": 681,
"Recovered": 617,
"Deceased": 15
},
{
"Date": "22-08-2020",
"Confirmed": 697,
"Recovered": 623,
"Deceased": 15
},
{
"Date": "23-08-2020",
"Confirmed": 708,
"Recovered": 631,
"Deceased": 15
},
{
"Date": "24-08-2020",
"Confirmed": 712,
"Recovered": 646,
"Deceased": 15
},
{
"Date": "25-08-2020",
"Confirmed": 718,
"Recovered": 649,
"Deceased": 15
},
{
"Date": "26-08-2020",
"Confirmed": 726,
"Recovered": 649,
"Deceased": 15
},
{
"Date": "27-08-2020",
"Confirmed": 733,
"Recovered": 668,
"Deceased": 16
},
{
"Date": "28-08-2020",
"Confirmed": 749,
"Recovered": 668,
"Deceased": 16
},
{
"Date": "29-08-2020",
"Confirmed": 759,
"Recovered": 676,
"Deceased": 16
},
{
"Date": "30-08-2020",
"Confirmed": 770,
"Recovered": 676,
"Deceased": 16
},
{
"Date": "31-08-2020",
"Confirmed": 790,
"Recovered": 707,
"Deceased": 16
},
{
"Date": "01-09-2020",
"Confirmed": 793,
"Recovered": 710,
"Deceased": 16
},
{
"Date": "02-09-2020",
"Confirmed": 804,
"Recovered": 710,
"Deceased": 16
},
{
"Date": "03-09-2020",
"Confirmed": 819,
"Recovered": 727,
"Deceased": 16
},
{
"Date": "04-09-2020",
"Confirmed": 831,
"Recovered": 728,
"Deceased": 16
},
{
"Date": "05-09-2020",
"Confirmed": 840,
"Recovered": 746,
"Deceased": 16
},
{
"Date": "06-09-2020",
"Confirmed": 854,
"Recovered": 746,
"Deceased": 16
},
{
"Date": "07-09-2020",
"Confirmed": 866,
"Recovered": 754,
"Deceased": 16
},
{
"Date": "08-09-2020",
"Confirmed": 881,
"Recovered": 761,
"Deceased": 16
},
{
"Date": "09-09-2020",
"Confirmed": 893,
"Recovered": 796,
"Deceased": 16
},
{
"Date": "10-09-2020",
"Confirmed": 900,
"Recovered": 796,
"Deceased": 16
},
{
"Date": "11-09-2020",
"Confirmed": 916,
"Recovered": 819,
"Deceased": 16
},
{
"Date": "12-09-2020",
"Confirmed": 922,
"Recovered": 819,
"Deceased": 16
},
{
"Date": "13-09-2020",
"Confirmed": 932,
"Recovered": 819,
"Deceased": 16
},
{
"Date": "14-09-2020",
"Confirmed": 935,
"Recovered": 845,
"Deceased": 16
},
{
"Date": "15-09-2020",
"Confirmed": 941,
"Recovered": 852,
"Deceased": 16
},
{
"Date": "16-09-2020",
"Confirmed": 950,
"Recovered": 863,
"Deceased": 16
},
{
"Date": "17-09-2020",
"Confirmed": 957,
"Recovered": 876,
"Deceased": 16
},
{
"Date": "18-09-2020",
"Confirmed": 968,
"Recovered": 880,
"Deceased": 16
},
{
"Date": "19-09-2020",
"Confirmed": 978,
"Recovered": 901,
"Deceased": 16
},
{
"Date": "20-09-2020",
"Confirmed": 988,
"Recovered": 901,
"Deceased": 16
},
{
"Date": "21-09-2020",
"Confirmed": 1000,
"Recovered": 919,
"Deceased": 16
},
{
"Date": "22-09-2020",
"Confirmed": 1005,
"Recovered": 934,
"Deceased": 16
},
{
"Date": "23-09-2020",
"Confirmed": 1012,
"Recovered": 943,
"Deceased": 16
},
{
"Date": "24-09-2020",
"Confirmed": 1020,
"Recovered": 949,
"Deceased": 16
},
{
"Date": "25-09-2020",
"Confirmed": 1033,
"Recovered": 962,
"Deceased": 16
},
{
"Date": "26-09-2020",
"Confirmed": 1037,
"Recovered": 972,
"Deceased": 16
},
{
"Date": "27-09-2020",
"Confirmed": 1053,
"Recovered": 972,
"Deceased": 16
},
{
"Date": "28-09-2020",
"Confirmed": 1066,
"Recovered": 1004,
"Deceased": 16
},
{
"Date": "29-09-2020",
"Confirmed": 1078,
"Recovered": 1004,
"Deceased": 16
},
{
"Date": "30-09-2020",
"Confirmed": 1088,
"Recovered": 1032,
"Deceased": 16
},
{
"Date": "01-10-2020",
"Confirmed": 1100,
"Recovered": 1049,
"Deceased": 16
},
{
"Date": "02-10-2020",
"Confirmed": 1112,
"Recovered": 1057,
"Deceased": 16
},
{
"Date": "03-10-2020",
"Confirmed": 1125,
"Recovered": 1057,
"Deceased": 16
},
{
"Date": "04-10-2020",
"Confirmed": 1133,
"Recovered": 1057,
"Deceased": 16
},
{
"Date": "05-10-2020",
"Confirmed": 1144,
"Recovered": 1088,
"Deceased": 16
},
{
"Date": "06-10-2020",
"Confirmed": 1157,
"Recovered": 1099,
"Deceased": 16
},
{
"Date": "07-10-2020",
"Confirmed": 1171,
"Recovered": 1099,
"Deceased": 16
},
{
"Date": "08-10-2020",
"Confirmed": 1182,
"Recovered": 1121,
"Deceased": 16
},
{
"Date": "09-10-2020",
"Confirmed": 1194,
"Recovered": 1130,
"Deceased": 16
},
{
"Date": "10-10-2020",
"Confirmed": 1203,
"Recovered": 1130,
"Deceased": 16
},
{
"Date": "11-10-2020",
"Confirmed": 1214,
"Recovered": 1130,
"Deceased": 16
},
{
"Date": "12-10-2020",
"Confirmed": 1223,
"Recovered": 1130,
"Deceased": 16
},
{
"Date": "13-10-2020",
"Confirmed": 1239,
"Recovered": 1169,
"Deceased": 16
},
{
"Date": "14-10-2020",
"Confirmed": 1251,
"Recovered": 1180,
"Deceased": 16
},
{
"Date": "15-10-2020",
"Confirmed": 1264,
"Recovered": 1194,
"Deceased": 16
},
{
"Date": "16-10-2020",
"Confirmed": 1279,
"Recovered": 1205,
"Deceased": 16
},
{
"Date": "17-10-2020",
"Confirmed": 1287,
"Recovered": 1216,
"Deceased": 16
},
{
"Date": "18-10-2020",
"Confirmed": 1297,
"Recovered": 1216,
"Deceased": 16
},
{
"Date": "19-10-2020",
"Confirmed": 1304,
"Recovered": 1231,
"Deceased": 16
},
{
"Date": "20-10-2020",
"Confirmed": 1318,
"Recovered": 1239,
"Deceased": 16
},
{
"Date": "21-10-2020",
"Confirmed": 1331,
"Recovered": 1257,
"Deceased": 16
},
{
"Date": "22-10-2020",
"Confirmed": 1340,
"Recovered": 1264,
"Deceased": 16
},
{
"Date": "23-10-2020",
"Confirmed": 1356,
"Recovered": 1273,
"Deceased": 16
},
{
"Date": "24-10-2020",
"Confirmed": 1366,
"Recovered": 1283,
"Deceased": 16
},
{
"Date": "25-10-2020",
"Confirmed": 1375,
"Recovered": 1283,
"Deceased": 16
},
{
"Date": "26-10-2020",
"Confirmed": 1388,
"Recovered": 1307,
"Deceased": 16
},
{
"Date": "27-10-2020",
"Confirmed": 1401,
"Recovered": 1329,
"Deceased": 16
},
{
"Date": "28-10-2020",
"Confirmed": 1411,
"Recovered": 1329,
"Deceased": 16
},
{
"Date": "29-10-2020",
"Confirmed": 1420,
"Recovered": 1347,
"Deceased": 16
},
{
"Date": "30-10-2020",
"Confirmed": 1428,
"Recovered": 1355,
"Deceased": 16
},
{
"Date": "31-10-2020",
"Confirmed": 1443,
"Recovered": 1355,
"Deceased": 16
},
{
"Date": "01-11-2020",
"Confirmed": 1451,
"Recovered": 1355,
"Deceased": 16
},
{
"Date": "02-11-2020",
"Confirmed": 1465,
"Recovered": 1366,
"Deceased": 16
},
{
"Date": "03-11-2020",
"Confirmed": 1472,
"Recovered": 1393,
"Deceased": 16
},
{
"Date": "04-11-2020",
"Confirmed": 1485,
"Recovered": 1397,
"Deceased": 16
},
{
"Date": "05-11-2020",
"Confirmed": 1494,
"Recovered": 1413,
"Deceased": 16
},
{
"Date": "06-11-2020",
"Confirmed": 1505,
"Recovered": 1433,
"Deceased": 16
},
{
"Date": "07-11-2020",
"Confirmed": 1514,
"Recovered": 1444,
"Deceased": 16
},
{
"Date": "08-11-2020",
"Confirmed": 1523,
"Recovered": 1444,
"Deceased": 16
},
{
"Date": "09-11-2020",
"Confirmed": 1527,
"Recovered": 1460,
"Deceased": 16
},
{
"Date": "10-11-2020",
"Confirmed": 1533,
"Recovered": 1470,
"Deceased": 16
},
{
"Date": "11-11-2020",
"Confirmed": 1547,
"Recovered": 1488,
"Deceased": 16
},
{
"Date": "12-11-2020",
"Confirmed": 1561,
"Recovered": 1499,
"Deceased": 16
},
{
"Date": "13-11-2020",
"Confirmed": 1579,
"Recovered": 1512,
"Deceased": 16
},
{
"Date": "14-11-2020",
"Confirmed": 1588,
"Recovered": 1524,
"Deceased": 16
},
{
"Date": "15-11-2020",
"Confirmed": 1603,
"Recovered": 1529,
"Deceased": 16
},
{
"Date": "16-11-2020",
"Confirmed": 1611,
"Recovered": 1529,
"Deceased": 16
},
{
"Date": "17-11-2020",
"Confirmed": 1628,
"Recovered": 1529,
"Deceased": 16
},
{
"Date": "18-11-2020",
"Confirmed": 1642,
"Recovered": 1571,
"Deceased": 16
},
{
"Date": "19-11-2020",
"Confirmed": 1661,
"Recovered": 1582,
"Deceased": 16
},
{
"Date": "20-11-2020",
"Confirmed": 1671,
"Recovered": 1611,
"Deceased": 16
},
{
"Date": "21-11-2020",
"Confirmed": 1679,
"Recovered": 1621,
"Deceased": 16
},
{
"Date": "22-11-2020",
"Confirmed": 1694,
"Recovered": 1621,
"Deceased": 16
},
{
"Date": "23-11-2020",
"Confirmed": 1721,
"Recovered": 1629,
"Deceased": 16
},
{
"Date": "24-11-2020",
"Confirmed": 1740,
"Recovered": 1634,
"Deceased": 16
},
{
"Date": "25-11-2020",
"Confirmed": 1760,
"Recovered": 1641,
"Deceased": 16
},
{
"Date": "26-11-2020",
"Confirmed": 1788,
"Recovered": 1658,
"Deceased": 16
},
{
"Date": "27-11-2020",
"Confirmed": 1825,
"Recovered": 1680,
"Deceased": 16
},
{
"Date": "28-11-2020",
"Confirmed": 1850,
"Recovered": 1680,
"Deceased": 16
},
{
"Date": "29-11-2020",
"Confirmed": 1878,
"Recovered": 1706,
"Deceased": 16
},
{
"Date": "30-11-2020",
"Confirmed": 1894,
"Recovered": 1721,
"Deceased": 16
},
{
"Date": "01-12-2020",
"Confirmed": 1910,
"Recovered": 1777,
"Deceased": 16
},
{
"Date": "02-12-2020",
"Confirmed": 1921,
"Recovered": 1795,
"Deceased": 16
},
{
"Date": "03-12-2020",
"Confirmed": 1941,
"Recovered": 1802,
"Deceased": 16
},
{
"Date": "04-12-2020",
"Confirmed": 1951,
"Recovered": 1819,
"Deceased": 16
},
{
"Date": "05-12-2020",
"Confirmed": 1972,
"Recovered": 1819,
"Deceased": 16
},
{
"Date": "06-12-2020",
"Confirmed": 1981,
"Recovered": 1839,
"Deceased": 16
},
{
"Date": "07-12-2020",
"Confirmed": 1989,
"Recovered": 1863,
"Deceased": 16
},
{
"Date": "08-12-2020",
"Confirmed": 1998,
"Recovered": 1873,
"Deceased": 16
},
{
"Date": "09-12-2020",
"Confirmed": 2003,
"Recovered": 1881,
"Deceased": 16
},
{
"Date": "10-12-2020",
"Confirmed": 2013,
"Recovered": 1887,
"Deceased": 16
},
{
"Date": "11-12-2020",
"Confirmed": 2022,
"Recovered": 1937,
"Deceased": 16
},
{
"Date": "12-12-2020",
"Confirmed": 2033,
"Recovered": 1937,
"Deceased": 17
},
{
"Date": "13-12-2020",
"Confirmed": 2054,
"Recovered": 1937,
"Deceased": 17
},
{
"Date": "14-12-2020",
"Confirmed": 2069,
"Recovered": 1973,
"Deceased": 17
},
{
"Date": "15-12-2020",
"Confirmed": 2079,
"Recovered": 1973,
"Deceased": 17
},
{
"Date": "16-12-2020",
"Confirmed": 2099,
"Recovered": 1995,
"Deceased": 17
},
{
"Date": "17-12-2020",
"Confirmed": 2111,
"Recovered": 2006,
"Deceased": 17
},
{
"Date": "18-12-2020",
"Confirmed": 2121,
"Recovered": 2043,
"Deceased": 17
},
{
"Date": "19-12-2020",
"Confirmed": 2131,
"Recovered": 2049,
"Deceased": 17
},
{
"Date": "20-12-2020",
"Confirmed": 2145,
"Recovered": 2049,
"Deceased": 17
},
{
"Date": "21-12-2020",
"Confirmed": 2158,
"Recovered": 2060,
"Deceased": 17
},
{
"Date": "22-12-2020",
"Confirmed": 2167,
"Recovered": 2073,
"Deceased": 17
},
{
"Date": "23-12-2020",
"Confirmed": 2174,
"Recovered": 2080,
"Deceased": 17
},
{
"Date": "24-12-2020",
"Confirmed": 2196,
"Recovered": 2094,
"Deceased": 17
},
{
"Date": "25-12-2020",
"Confirmed": 2210,
"Recovered": 2107,
"Deceased": 17
},
{
"Date": "26-12-2020",
"Confirmed": 2219,
"Recovered": 2124,
"Deceased": 17
},
{
"Date": "27-12-2020",
"Confirmed": 2225,
"Recovered": 2133,
"Deceased": 17
},
{
"Date": "28-12-2020",
"Confirmed": 2234,
"Recovered": 2144,
"Deceased": 17
},
{
"Date": "29-12-2020",
"Confirmed": 2243,
"Recovered": 2182,
"Deceased": 17
},
{
"Date": "30-12-2020",
"Confirmed": 2258,
"Recovered": 2182,
"Deceased": 17
},
{
"Date": "31-12-2020",
"Confirmed": 2263,
"Recovered": 2200,
"Deceased": 17
},
{
"Date": "01-01-2021",
"Confirmed": 2269,
"Recovered": 2210,
"Deceased": 17
},
{
"Date": "02-01-2021",
"Confirmed": 2284,
"Recovered": 2210,
"Deceased": 17
},
{
"Date": "03-01-2021",
"Confirmed": 2301,
"Recovered": 2210,
"Deceased": 17
},
{
"Date": "04-01-2021",
"Confirmed": 2310,
"Recovered": 2231,
"Deceased": 17
},
{
"Date": "05-01-2021",
"Confirmed": 2315,
"Recovered": 2260,
"Deceased": 17
},
{
"Date": "06-01-2021",
"Confirmed": 2323,
"Recovered": 2260,
"Deceased": 17
},
{
"Date": "07-01-2021",
"Confirmed": 2333,
"Recovered": 2268,
"Deceased": 17
},
{
"Date": "08-01-2021",
"Confirmed": 2347,
"Recovered": 2282,
"Deceased": 17
},
{
"Date": "09-01-2021",
"Confirmed": 2354,
"Recovered": 2282,
"Deceased": 17
},
{
"Date": "10-01-2021",
"Confirmed": 2364,
"Recovered": 2282,
"Deceased": 17
},
{
"Date": "11-01-2021",
"Confirmed": 2373,
"Recovered": 2318,
"Deceased": 17
},
{
"Date": "12-01-2021",
"Confirmed": 2385,
"Recovered": 2318,
"Deceased": 17
},
{
"Date": "13-01-2021",
"Confirmed": 2401,
"Recovered": 2318,
"Deceased": 17
},
{
"Date": "14-01-2021",
"Confirmed": 2411,
"Recovered": 2318,
"Deceased": 17
},
{
"Date": "15-01-2021",
"Confirmed": 2417,
"Recovered": 2344,
"Deceased": 17
},
{
"Date": "16-01-2021",
"Confirmed": 2424,
"Recovered": 2371,
"Deceased": 17
},
{
"Date": "17-01-2021",
"Confirmed": 2432,
"Recovered": 2371,
"Deceased": 17
},
{
"Date": "18-01-2021",
"Confirmed": 2438,
"Recovered": 2371,
"Deceased": 17
},
{
"Date": "19-01-2021",
"Confirmed": 2443,
"Recovered": 2375,
"Deceased": 17
},
{
"Date": "20-01-2021",
"Confirmed": 2447,
"Recovered": 2375,
"Deceased": 17
},
{
"Date": "21-01-2021",
"Confirmed": 2455,
"Recovered": 2388,
"Deceased": 17
},
{
"Date": "22-01-2021",
"Confirmed": 2460,
"Recovered": 2394,
"Deceased": 17
},
{
"Date": "23-01-2021",
"Confirmed": 2464,
"Recovered": 2394,
"Deceased": 17
},
{
"Date": "24-01-2021",
"Confirmed": 2466,
"Recovered": 2394,
"Deceased": 17
},
{
"Date": "25-01-2021",
"Confirmed": 2468,
"Recovered": 2420,
"Deceased": 17
},
{
"Date": "26-01-2021",
"Confirmed": 2474,
"Recovered": 2420,
"Deceased": 17
},
{
"Date": "27-01-2021",
"Confirmed": 2477,
"Recovered": 2426,
"Deceased": 17
},
{
"Date": "28-01-2021",
"Confirmed": 2484,
"Recovered": 2436,
"Deceased": 17
},
{
"Date": "29-01-2021",
"Confirmed": 2490,
"Recovered": 2440,
"Deceased": 17
},
{
"Date": "30-01-2021",
"Confirmed": 2500,
"Recovered": 2453,
"Deceased": 17
},
{
"Date": "31-01-2021",
"Confirmed": 2503,
"Recovered": 2453,
"Deceased": 17
},
{
"Date": "01-02-2021",
"Confirmed": 2506,
"Recovered": 2463,
"Deceased": 17
},
{
"Date": "02-02-2021",
"Confirmed": 2514,
"Recovered": 2469,
"Deceased": 17
},
{
"Date": "03-02-2021",
"Confirmed": 2519,
"Recovered": 2469,
"Deceased": 17
},
{
"Date": "04-02-2021",
"Confirmed": 2524,
"Recovered": 2485,
"Deceased": 17
},
{
"Date": "05-02-2021",
"Confirmed": 2528,
"Recovered": 2485,
"Deceased": 17
},
{
"Date": "06-02-2021",
"Confirmed": 2534,
"Recovered": 2485,
"Deceased": 17
},
{
"Date": "07-02-2021",
"Confirmed": 2538,
"Recovered": 2485,
"Deceased": 17
},
{
"Date": "08-02-2021",
"Confirmed": 2538,
"Recovered": 2499,
"Deceased": 17
},
{
"Date": "09-02-2021",
"Confirmed": 2545,
"Recovered": 2499,
"Deceased": 17
},
{
"Date": "10-02-2021",
"Confirmed": 2552,
"Recovered": 2509,
"Deceased": 17
},
{
"Date": "11-02-2021",
"Confirmed": 2556,
"Recovered": 2514,
"Deceased": 17
},
{
"Date": "12-02-2021",
"Confirmed": 2564,
"Recovered": 2514,
"Deceased": 17
},
{
"Date": "13-02-2021",
"Confirmed": 2571,
"Recovered": 2525,
"Deceased": 17
},
{
"Date": "14-02-2021",
"Confirmed": 2578,
"Recovered": 2525,
"Deceased": 17
},
{
"Date": "15-02-2021",
"Confirmed": 2581,
"Recovered": 2531,
"Deceased": 17
},
{
"Date": "16-02-2021",
"Confirmed": 2583,
"Recovered": 2531,
"Deceased": 17
},
{
"Date": "17-02-2021",
"Confirmed": 2588,
"Recovered": 2550,
"Deceased": 17
},
{
"Date": "18-02-2021",
"Confirmed": 2594,
"Recovered": 2555,
"Deceased": 17
},
{
"Date": "19-02-2021",
"Confirmed": 2598,
"Recovered": 2558,
"Deceased": 17
},
{
"Date": "20-02-2021",
"Confirmed": 2606,
"Recovered": 2558,
"Deceased": 17
},
{
"Date": "21-02-2021",
"Confirmed": 2610,
"Recovered": 2558,
"Deceased": 17
},
{
"Date": "22-02-2021",
"Confirmed": 2612,
"Recovered": 2576,
"Deceased": 17
},
{
"Date": "23-02-2021",
"Confirmed": 2618,
"Recovered": 2576,
"Deceased": 17
},
{
"Date": "24-02-2021",
"Confirmed": 2623,
"Recovered": 2581,
"Deceased": 17
},
{
"Date": "25-02-2021",
"Confirmed": 2630,
"Recovered": 2591,
"Deceased": 17
},
{
"Date": "26-02-2021",
"Confirmed": 2632,
"Recovered": 2593,
"Deceased": 17
},
{
"Date": "27-02-2021",
"Confirmed": 2641,
"Recovered": 2593,
"Deceased": 17
},
{
"Date": "28-02-2021",
"Confirmed": 2654,
"Recovered": 2593,
"Deceased": 17
},
{
"Date": "01-03-2021",
"Confirmed": 2663,
"Recovered": 2611,
"Deceased": 17
},
{
"Date": "02-03-2021",
"Confirmed": 2674,
"Recovered": 2611,
"Deceased": 17
},
{
"Date": "03-03-2021",
"Confirmed": 2681,
"Recovered": 2629,
"Deceased": 17
},
{
"Date": "04-03-2021",
"Confirmed": 2691,
"Recovered": 2629,
"Deceased": 17
},
{
"Date": "05-03-2021",
"Confirmed": 2700,
"Recovered": 2642,
"Deceased": 17
},
{
"Date": "06-03-2021",
"Confirmed": 2711,
"Recovered": 2651,
"Deceased": 17
},
{
"Date": "07-03-2021",
"Confirmed": 2725,
"Recovered": 2651,
"Deceased": 17
},
{
"Date": "08-03-2021",
"Confirmed": 2741,
"Recovered": 2651,
"Deceased": 17
},
{
"Date": "09-03-2021",
"Confirmed": 2751,
"Recovered": 2673,
"Deceased": 17
},
{
"Date": "10-03-2021",
"Confirmed": 2764,
"Recovered": 2673,
"Deceased": 17
},
{
"Date": "11-03-2021",
"Confirmed": 2782,
"Recovered": 2689,
"Deceased": 17
},
{
"Date": "12-03-2021",
"Confirmed": 2791,
"Recovered": 2689,
"Deceased": 17
},
{
"Date": "13-03-2021",
"Confirmed": 2814,
"Recovered": 2714,
"Deceased": 17
},
{
"Date": "14-03-2021",
"Confirmed": 2827,
"Recovered": 2740,
"Deceased": 17
},
{
"Date": "15-03-2021",
"Confirmed": 2841,
"Recovered": 2740,
"Deceased": 17
},
{
"Date": "16-03-2021",
"Confirmed": 2855,
"Recovered": 2772,
"Deceased": 17
},
{
"Date": "17-03-2021",
"Confirmed": 2868,
"Recovered": 2790,
"Deceased": 17
},
{
"Date": "18-03-2021",
"Confirmed": 2883,
"Recovered": 2790,
"Deceased": 17
},
{
"Date": "19-03-2021",
"Confirmed": 2895,
"Recovered": 2815,
"Deceased": 17
},
{
"Date": "20-03-2021",
"Confirmed": 2907,
"Recovered": 2826,
"Deceased": 17
},
{
"Date": "21-03-2021",
"Confirmed": 2919,
"Recovered": 2826,
"Deceased": 17
},
{
"Date": "22-03-2021",
"Confirmed": 2928,
"Recovered": 2826,
"Deceased": 17
},
{
"Date": "23-03-2021",
"Confirmed": 2943,
"Recovered": 2857,
"Deceased": 17
},
{
"Date": "24-03-2021",
"Confirmed": 2953,
"Recovered": 2857,
"Deceased": 17
},
{
"Date": "25-03-2021",
"Confirmed": 2969,
"Recovered": 2874,
"Deceased": 17
},
{
"Date": "26-03-2021",
"Confirmed": 2984,
"Recovered": 2874,
"Deceased": 17
},
{
"Date": "27-03-2021",
"Confirmed": 3000,
"Recovered": 2874,
"Deceased": 17
},
{
"Date": "28-03-2021",
"Confirmed": 3017,
"Recovered": 2892,
"Deceased": 17
},
{
"Date": "29-03-2021",
"Confirmed": 3033,
"Recovered": 2892,
"Deceased": 17
},
{
"Date": "30-03-2021",
"Confirmed": 3051,
"Recovered": 2923,
"Deceased": 17
},
{
"Date": "31-03-2021",
"Confirmed": 3069,
"Recovered": 2941,
"Deceased": 17
},
{
"Date": "01-04-2021",
"Confirmed": 3088,
"Recovered": 2952,
"Deceased": 17
},
{
"Date": "02-04-2021",
"Confirmed": 3110,
"Recovered": 2952,
"Deceased": 17
},
{
"Date": "03-04-2021",
"Confirmed": 3139,
"Recovered": 2972,
"Deceased": 17
},
{
"Date": "04-04-2021",
"Confirmed": 3164,
"Recovered": 2972,
"Deceased": 17
},
{
"Date": "05-04-2021",
"Confirmed": 3189,
"Recovered": 3001,
"Deceased": 17
},
{
"Date": "06-04-2021",
"Confirmed": 3213,
"Recovered": 3015,
"Deceased": 17
},
{
"Date": "07-04-2021",
"Confirmed": 3232,
"Recovered": 3015,
"Deceased": 17
},
{
"Date": "08-04-2021",
"Confirmed": 3252,
"Recovered": 3064,
"Deceased": 17
},
{
"Date": "09-04-2021",
"Confirmed": 3282,
"Recovered": 3064,
"Deceased": 17
},
{
"Date": "10-04-2021",
"Confirmed": 3315,
"Recovered": 3087,
"Deceased": 17
},
{
"Date": "11-04-2021",
"Confirmed": 3346,
"Recovered": 3087,
"Deceased": 17
},
{
"Date": "12-04-2021",
"Confirmed": 3379,
"Recovered": 3119,
"Deceased": 17
},
{
"Date": "13-04-2021",
"Confirmed": 3447,
"Recovered": 3119,
"Deceased": 18
},
{
"Date": "14-04-2021",
"Confirmed": 3523,
"Recovered": 3119,
"Deceased": 18
},
{
"Date": "15-04-2021",
"Confirmed": 3571,
"Recovered": 3181,
"Deceased": 19
},
{
"Date": "16-04-2021",
"Confirmed": 3652,
"Recovered": 3181,
"Deceased": 19
},
{
"Date": "17-04-2021",
"Confirmed": 3723,
"Recovered": 3312,
"Deceased": 19
},
{
"Date": "18-04-2021",
"Confirmed": 3814,
"Recovered": 3323,
"Deceased": 19
},
{
"Date": "19-04-2021",
"Confirmed": 3913,
"Recovered": 3369,
"Deceased": 20
},
{
"Date": "20-04-2021",
"Confirmed": 3971,
"Recovered": 3452,
"Deceased": 20
},
{
"Date": "21-04-2021",
"Confirmed": 4043,
"Recovered": 3452,
"Deceased": 20
},
{
"Date": "22-04-2021",
"Confirmed": 4085,
"Recovered": 3472,
"Deceased": 20
},
{
"Date": "23-04-2021",
"Confirmed": 4137,
"Recovered": 3503,
"Deceased": 20
},
{
"Date": "24-04-2021",
"Confirmed": 4225,
"Recovered": 3503,
"Deceased": 21
},
{
"Date": "25-04-2021",
"Confirmed": 4344,
"Recovered": 3503,
"Deceased": 21
},
{
"Date": "26-04-2021",
"Confirmed": 4436,
"Recovered": 3568,
"Deceased": 22
},
{
"Date": "27-04-2021",
"Confirmed": 4560,
"Recovered": 3682,
"Deceased": 23
},
{
"Date": "28-04-2021",
"Confirmed": 4669,
"Recovered": 3682,
"Deceased": 24
},
{
"Date": "29-04-2021",
"Confirmed": 4794,
"Recovered": 3784,
"Deceased": 25
},
{
"Date": "30-04-2021",
"Confirmed": 4926,
"Recovered": 3887,
"Deceased": 25
},
{
"Date": "01-05-2021",
"Confirmed": 5072,
"Recovered": 4096,
"Deceased": 26
},
{
"Date": "02-05-2021",
"Confirmed": 5233,
"Recovered": 4096,
"Deceased": 26
},
{
"Date": "03-05-2021",
"Confirmed": 5360,
"Recovered": 4315,
"Deceased": 26
},
{
"Date": "04-05-2021",
"Confirmed": 5498,
"Recovered": 4458,
"Deceased": 26
},
{
"Date": "05-05-2021",
"Confirmed": 5655,
"Recovered": 4645,
"Deceased": 27
},
{
"Date": "06-05-2021",
"Confirmed": 5860,
"Recovered": 4645,
"Deceased": 27
},
{
"Date": "07-05-2021",
"Confirmed": 6055,
"Recovered": 4874,
"Deceased": 28
},
{
"Date": "08-05-2021",
"Confirmed": 6231,
"Recovered": 5006,
"Deceased": 29
},
{
"Date": "09-05-2021",
"Confirmed": 6420,
"Recovered": 5215,
"Deceased": 30
},
{
"Date": "10-05-2021",
"Confirmed": 6577,
"Recovered": 5215,
"Deceased": 30
},
{
"Date": "11-05-2021",
"Confirmed": 6808,
"Recovered": 5423,
"Deceased": 31
},
{
"Date": "12-05-2021",
"Confirmed": 7007,
"Recovered": 5744,
"Deceased": 32
},
{
"Date": "13-05-2021",
"Confirmed": 7184,
"Recovered": 5812,
"Deceased": 33
},
{
"Date": "14-05-2021",
"Confirmed": 7362,
"Recovered": 5982,
"Deceased": 34
},
{
"Date": "15-05-2021",
"Confirmed": 7591,
"Recovered": 6260,
"Deceased": 34
},
{
"Date": "16-05-2021",
"Confirmed": 7814,
"Recovered": 6409,
"Deceased": 35
},
{
"Date": "17-05-2021",
"Confirmed": 7978,
"Recovered": 6586,
"Deceased": 36
},
{
"Date": "18-05-2021",
"Confirmed": 8192,
"Recovered": 6819,
"Deceased": 37
},
{
"Date": "19-05-2021",
"Confirmed": 8341,
"Recovered": 6947,
"Deceased": 40
},
{
"Date": "20-05-2021",
"Confirmed": 8502,
"Recovered": 7134,
"Deceased": 41
},
{
"Date": "21-05-2021",
"Confirmed": 8618,
"Recovered": 7347,
"Deceased": 42
},
{
"Date": "22-05-2021",
"Confirmed": 8724,
"Recovered": 7563,
"Deceased": 42
},
{
"Date": "23-05-2021",
"Confirmed": 8849,
"Recovered": 7747,
"Deceased": 42
},
{
"Date": "24-05-2021",
"Confirmed": 8922,
"Recovered": 7996,
"Deceased": 43
},
{
"Date": "25-05-2021",
"Confirmed": 9043,
"Recovered": 7996,
"Deceased": 44
},
{
"Date": "26-05-2021",
"Confirmed": 9107,
"Recovered": 8211,
"Deceased": 45
},
{
"Date": "27-05-2021",
"Confirmed": 9155,
"Recovered": 8303,
"Deceased": 45
},
{
"Date": "28-05-2021",
"Confirmed": 9206,
"Recovered": 8401,
"Deceased": 46
},
{
"Date": "29-05-2021",
"Confirmed": 9250,
"Recovered": 8632,
"Deceased": 46
},
{
"Date": "30-05-2021",
"Confirmed": 9277,
"Recovered": 8632,
"Deceased": 46
},
{
"Date": "31-05-2021",
"Confirmed": 9313,
"Recovered": 8700,
"Deceased": 46
},
{
"Date": "01-06-2021",
"Confirmed": 9338,
"Recovered": 8834,
"Deceased": 46
},
{
"Date": "02-06-2021",
"Confirmed": 9354,
"Recovered": 8973,
"Deceased": 47
},
{
"Date": "03-06-2021",
"Confirmed": 9383,
"Recovered": 8973,
"Deceased": 47
},
{
"Date": "04-06-2021",
"Confirmed": 9411,
"Recovered": 9096,
"Deceased": 47
},
{
"Date": "05-06-2021",
"Confirmed": 9437,
"Recovered": 9214,
"Deceased": 47
},
{
"Date": "06-06-2021",
"Confirmed": 9447,
"Recovered": 9214,
"Deceased": 47
},
{
"Date": "07-06-2021",
"Confirmed": 9466,
"Recovered": 9298,
"Deceased": 47
},
{
"Date": "08-06-2021",
"Confirmed": 9487,
"Recovered": 9298,
"Deceased": 47
},
{
"Date": "09-06-2021",
"Confirmed": 9501,
"Recovered": 9298,
"Deceased": 47
},
{
"Date": "10-06-2021",
"Confirmed": 9513,
"Recovered": 9348,
"Deceased": 47
},
{
"Date": "11-06-2021",
"Confirmed": 9524,
"Recovered": 9377,
"Deceased": 47
},
{
"Date": "12-06-2021",
"Confirmed": 9528,
"Recovered": 9377,
"Deceased": 47
},
{
"Date": "13-06-2021",
"Confirmed": 9532,
"Recovered": 9377,
"Deceased": 47
},
{
"Date": "14-06-2021",
"Confirmed": 9538,
"Recovered": 9421,
"Deceased": 47
},
{
"Date": "15-06-2021",
"Confirmed": 9543,
"Recovered": 9449,
"Deceased": 47
},
{
"Date": "16-06-2021",
"Confirmed": 9553,
"Recovered": 9460,
"Deceased": 47
},
{
"Date": "17-06-2021",
"Confirmed": 9560,
"Recovered": 9460,
"Deceased": 47
},
{
"Date": "18-06-2021",
"Confirmed": 9567,
"Recovered": 9481,
"Deceased": 47
},
{
"Date": "19-06-2021",
"Confirmed": 9568,
"Recovered": 9481,
"Deceased": 47
},
{
"Date": "20-06-2021",
"Confirmed": 9573,
"Recovered": 9481,
"Deceased": 47
},
{
"Date": "21-06-2021",
"Confirmed": 9575,
"Recovered": 9494,
"Deceased": 47
},
{
"Date": "22-06-2021",
"Confirmed": 9576,
"Recovered": 9511,
"Deceased": 48
},
{
"Date": "23-06-2021",
"Confirmed": 9577,
"Recovered": 9511,
"Deceased": 48
},
{
"Date": "24-06-2021",
"Confirmed": 9579,
"Recovered": 9511,
"Deceased": 48
},
{
"Date": "25-06-2021",
"Confirmed": 9581,
"Recovered": 9511,
"Deceased": 48
},
{
"Date": "26-06-2021",
"Confirmed": 9582,
"Recovered": 9512,
"Deceased": 48
},
{
"Date": "27-06-2021",
"Confirmed": 9583,
"Recovered": 9512,
"Deceased": 48
},
{
"Date": "28-06-2021",
"Confirmed": 9583,
"Recovered": 9512,
"Deceased": 48
},
{
"Date": "29-06-2021",
"Confirmed": 9586,
"Recovered": 9518,
"Deceased": 48
},
{
"Date": "30-06-2021",
"Confirmed": 9590,
"Recovered": 9518,
"Deceased": 48
},
{
"Date": "01-07-2021",
"Confirmed": 9593,
"Recovered": 9518,
"Deceased": 48
},
{
"Date": "02-07-2021",
"Confirmed": 9595,
"Recovered": 9518,
"Deceased": 48
},
{
"Date": "03-07-2021",
"Confirmed": 9595,
"Recovered": 9530,
"Deceased": 48
},
{
"Date": "04-07-2021",
"Confirmed": 9595,
"Recovered": 9530,
"Deceased": 48
},
{
"Date": "05-07-2021",
"Confirmed": 9595,
"Recovered": 9530,
"Deceased": 48
},
{
"Date": "06-07-2021",
"Confirmed": 9595,
"Recovered": 9545,
"Deceased": 48
},
{
"Date": "07-07-2021",
"Confirmed": 9599,
"Recovered": 9545,
"Deceased": 48
},
{
"Date": "08-07-2021",
"Confirmed": 9599,
"Recovered": 9545,
"Deceased": 48
},
{
"Date": "09-07-2021",
"Confirmed": 9600,
"Recovered": 9545,
"Deceased": 48
},
{
"Date": "10-07-2021",
"Confirmed": 9600,
"Recovered": 9545,
"Deceased": 48
},
{
"Date": "11-07-2021",
"Confirmed": 9601,
"Recovered": 9545,
"Deceased": 48
},
{
"Date": "12-07-2021",
"Confirmed": 9601,
"Recovered": 9545,
"Deceased": 49
},
{
"Date": "13-07-2021",
"Confirmed": 9601,
"Recovered": 9545,
"Deceased": 49
},
{
"Date": "14-07-2021",
"Confirmed": 9602,
"Recovered": 9545,
"Deceased": 49
},
{
"Date": "15-07-2021",
"Confirmed": 9603,
"Recovered": 9545,
"Deceased": 49
},
{
"Date": "16-07-2021",
"Confirmed": 9605,
"Recovered": 9545,
"Deceased": 49
},
{
"Date": "17-07-2021",
"Confirmed": 9606,
"Recovered": 9549,
"Deceased": 49
},
{
"Date": "18-07-2021",
"Confirmed": 9606,
"Recovered": 9549,
"Deceased": 49
},
{
"Date": "19-07-2021",
"Confirmed": 9606,
"Recovered": 9549,
"Deceased": 49
},
{
"Date": "20-07-2021",
"Confirmed": 9606,
"Recovered": 9552,
"Deceased": 49
},
{
"Date": "21-07-2021",
"Confirmed": 9608,
"Recovered": 9552,
"Deceased": 49
},
{
"Date": "22-07-2021",
"Confirmed": 9608,
"Recovered": 9552,
"Deceased": 49
},
{
"Date": "23-07-2021",
"Confirmed": 9609,
"Recovered": 9552,
"Deceased": 49
},
{
"Date": "24-07-2021",
"Confirmed": 9609,
"Recovered": 9552,
"Deceased": 49
},
{
"Date": "25-07-2021",
"Confirmed": 9610,
"Recovered": 9552,
"Deceased": 49
},
{
"Date": "26-07-2021",
"Confirmed": 9610,
"Recovered": 9557,
"Deceased": 49
},
{
"Date": "27-07-2021",
"Confirmed": 9611,
"Recovered": 9557,
"Deceased": 49
},
{
"Date": "28-07-2021",
"Confirmed": 9611,
"Recovered": 9557,
"Deceased": 49
},
{
"Date": "29-07-2021",
"Confirmed": 9614,
"Recovered": 9557,
"Deceased": 49
},
{
"Date": "30-07-2021",
"Confirmed": 9615,
"Recovered": 9557,
"Deceased": 49
},
{
"Date": "31-07-2021",
"Confirmed": 9616,
"Recovered": 9557,
"Deceased": 49
},
{
"Date": "01-08-2021",
"Confirmed": 9616,
"Recovered": 9557,
"Deceased": 49
},
{
"Date": "02-08-2021",
"Confirmed": 9617,
"Recovered": 9557,
"Deceased": 49
},
{
"Date": "03-08-2021",
"Confirmed": 9618,
"Recovered": 9561,
"Deceased": 49
},
{
"Date": "04-08-2021",
"Confirmed": 9618,
"Recovered": 9561,
"Deceased": 49
},
{
"Date": "05-08-2021",
"Confirmed": 9618,
"Recovered": 9565,
"Deceased": 49
},
{
"Date": "06-08-2021",
"Confirmed": 9622,
"Recovered": 9565,
"Deceased": 49
},
{
"Date": "07-08-2021",
"Confirmed": 9622,
"Recovered": 9565,
"Deceased": 49
},
{
"Date": "08-08-2021",
"Confirmed": 9623,
"Recovered": 9565,
"Deceased": 49
},
{
"Date": "09-08-2021",
"Confirmed": 9623,
"Recovered": 9565,
"Deceased": 49
},
{
"Date": "10-08-2021",
"Confirmed": 9623,
"Recovered": 9565,
"Deceased": 49
},
{
"Date": "11-08-2021",
"Confirmed": 9623,
"Recovered": 9569,
"Deceased": 49
},
{
"Date": "12-08-2021",
"Confirmed": 9624,
"Recovered": 9569,
"Deceased": 49
},
{
"Date": "13-08-2021",
"Confirmed": 9624,
"Recovered": 9569,
"Deceased": 49
},
{
"Date": "14-08-2021",
"Confirmed": 9624,
"Recovered": 9569,
"Deceased": 49
},
{
"Date": "15-08-2021",
"Confirmed": 9624,
"Recovered": 9569,
"Deceased": 49
},
{
"Date": "16-08-2021",
"Confirmed": 9624,
"Recovered": 9569,
"Deceased": 49
},
{
"Date": "17-08-2021",
"Confirmed": 9624,
"Recovered": 9573,
"Deceased": 49
},
{
"Date": "18-08-2021",
"Confirmed": 9626,
"Recovered": 9574,
"Deceased": 49
},
{
"Date": "19-08-2021",
"Confirmed": 9626,
"Recovered": 9574,
"Deceased": 49
},
{
"Date": "20-08-2021",
"Confirmed": 9626,
"Recovered": 9574,
"Deceased": 49
},
{
"Date": "21-08-2021",
"Confirmed": 9627,
"Recovered": 9575,
"Deceased": 49
},
{
"Date": "22-08-2021",
"Confirmed": 9627,
"Recovered": 9575,
"Deceased": 49
},
{
"Date": "23-08-2021",
"Confirmed": 9627,
"Recovered": 9575,
"Deceased": 49
},
{
"Date": "24-08-2021",
"Confirmed": 9627,
"Recovered": 9577,
"Deceased": 49
},
{
"Date": "25-08-2021",
"Confirmed": 9627,
"Recovered": 9577,
"Deceased": 49
},
{
"Date": "26-08-2021",
"Confirmed": 9627,
"Recovered": 9577,
"Deceased": 49
},
{
"Date": "27-08-2021",
"Confirmed": 9627,
"Recovered": 9577,
"Deceased": 49
},
{
"Date": "28-08-2021",
"Confirmed": 9627,
"Recovered": 9577,
"Deceased": 49
},
{
"Date": "29-08-2021",
"Confirmed": 9627,
"Recovered": 9577,
"Deceased": 49
},
{
"Date": "30-08-2021",
"Confirmed": 9627,
"Recovered": 9577,
"Deceased": 49
},
{
"Date": "31-08-2021",
"Confirmed": 9627,
"Recovered": 9577,
"Deceased": 49
},
{
"Date": "01-09-2021",
"Confirmed": 9627,
"Recovered": 9577,
"Deceased": 49
},
{
"Date": "02-09-2021",
"Confirmed": 9627,
"Recovered": 9578,
"Deceased": 49
},
{
"Date": "03-09-2021",
"Confirmed": 9627,
"Recovered": 9578,
"Deceased": 49
},
{
"Date": "04-09-2021",
"Confirmed": 9627,
"Recovered": 9578,
"Deceased": 49
},
{
"Date": "05-09-2021",
"Confirmed": 9627,
"Recovered": 9578,
"Deceased": 49
},
{
"Date": "06-09-2021",
"Confirmed": 9627,
"Recovered": 9578,
"Deceased": 49
},
{
"Date": "07-09-2021",
"Confirmed": 9627,
"Recovered": 9578,
"Deceased": 49
}
]