[
{
"Date": "26-04-2020",
"Confirmed": 29,
"Recovered": 14,
"Deceased": 2
},
{
"Date": "27-04-2020",
"Confirmed": 29,
"Recovered": 14,
"Deceased": 2
},
{
"Date": "28-04-2020",
"Confirmed": 31,
"Recovered": 14,
"Deceased": 2
},
{
"Date": "29-04-2020",
"Confirmed": 31,
"Recovered": 16,
"Deceased": 2
},
{
"Date": "30-04-2020",
"Confirmed": 31,
"Recovered": 20,
"Deceased": 2
},
{
"Date": "01-05-2020",
"Confirmed": 27,
"Recovered": 20,
"Deceased": 2
},
{
"Date": "02-05-2020",
"Confirmed": 27,
"Recovered": 21,
"Deceased": 2
},
{
"Date": "03-05-2020",
"Confirmed": 27,
"Recovered": 21,
"Deceased": 2
},
{
"Date": "04-05-2020",
"Confirmed": 27,
"Recovered": 22,
"Deceased": 2
},
{
"Date": "05-05-2020",
"Confirmed": 27,
"Recovered": 22,
"Deceased": 2
},
{
"Date": "06-05-2020",
"Confirmed": 27,
"Recovered": 22,
"Deceased": 2
},
{
"Date": "07-05-2020",
"Confirmed": 27,
"Recovered": 25,
"Deceased": 2
},
{
"Date": "08-05-2020",
"Confirmed": 27,
"Recovered": 25,
"Deceased": 2
},
{
"Date": "09-05-2020",
"Confirmed": 28,
"Recovered": 25,
"Deceased": 2
},
{
"Date": "10-05-2020",
"Confirmed": 28,
"Recovered": 25,
"Deceased": 2
},
{
"Date": "11-05-2020",
"Confirmed": 31,
"Recovered": 25,
"Deceased": 2
},
{
"Date": "12-05-2020",
"Confirmed": 32,
"Recovered": 25,
"Deceased": 2
},
{
"Date": "13-05-2020",
"Confirmed": 32,
"Recovered": 25,
"Deceased": 2
},
{
"Date": "14-05-2020",
"Confirmed": 32,
"Recovered": 25,
"Deceased": 2
},
{
"Date": "15-05-2020",
"Confirmed": 32,
"Recovered": 25,
"Deceased": 2
},
{
"Date": "16-05-2020",
"Confirmed": 32,
"Recovered": 25,
"Deceased": 2
},
{
"Date": "17-05-2020",
"Confirmed": 32,
"Recovered": 25,
"Deceased": 2
},
{
"Date": "18-05-2020",
"Confirmed": 32,
"Recovered": 25,
"Deceased": 3
},
{
"Date": "19-05-2020",
"Confirmed": 36,
"Recovered": 25,
"Deceased": 3
},
{
"Date": "20-05-2020",
"Confirmed": 37,
"Recovered": 26,
"Deceased": 3
},
{
"Date": "21-05-2020",
"Confirmed": 37,
"Recovered": 26,
"Deceased": 3
},
{
"Date": "22-05-2020",
"Confirmed": 37,
"Recovered": 28,
"Deceased": 3
},
{
"Date": "23-05-2020",
"Confirmed": 37,
"Recovered": 28,
"Deceased": 3
},
{
"Date": "24-05-2020",
"Confirmed": 37,
"Recovered": 28,
"Deceased": 3
},
{
"Date": "25-05-2020",
"Confirmed": 37,
"Recovered": 28,
"Deceased": 3
},
{
"Date": "26-05-2020",
"Confirmed": 37,
"Recovered": 29,
"Deceased": 3
},
{
"Date": "27-05-2020",
"Confirmed": 37,
"Recovered": 29,
"Deceased": 3
},
{
"Date": "28-05-2020",
"Confirmed": 37,
"Recovered": 29,
"Deceased": 3
},
{
"Date": "29-05-2020",
"Confirmed": 38,
"Recovered": 34,
"Deceased": 3
},
{
"Date": "30-05-2020",
"Confirmed": 38,
"Recovered": 34,
"Deceased": 3
},
{
"Date": "31-05-2020",
"Confirmed": 40,
"Recovered": 34,
"Deceased": 3
},
{
"Date": "01-06-2020",
"Confirmed": 40,
"Recovered": 34,
"Deceased": 3
},
{
"Date": "02-06-2020",
"Confirmed": 44,
"Recovered": 34,
"Deceased": 3
},
{
"Date": "03-06-2020",
"Confirmed": 47,
"Recovered": 34,
"Deceased": 3
},
{
"Date": "04-06-2020",
"Confirmed": 48,
"Recovered": 34,
"Deceased": 3
},
{
"Date": "05-06-2020",
"Confirmed": 51,
"Recovered": 34,
"Deceased": 3
},
{
"Date": "06-06-2020",
"Confirmed": 54,
"Recovered": 34,
"Deceased": 3
},
{
"Date": "07-06-2020",
"Confirmed": 56,
"Recovered": 34,
"Deceased": 4
},
{
"Date": "08-06-2020",
"Confirmed": 58,
"Recovered": 35,
"Deceased": 4
},
{
"Date": "09-06-2020",
"Confirmed": 60,
"Recovered": 35,
"Deceased": 4
},
{
"Date": "10-06-2020",
"Confirmed": 62,
"Recovered": 35,
"Deceased": 4
},
{
"Date": "11-06-2020",
"Confirmed": 69,
"Recovered": 37,
"Deceased": 4
},
{
"Date": "12-06-2020",
"Confirmed": 74,
"Recovered": 37,
"Deceased": 5
},
{
"Date": "13-06-2020",
"Confirmed": 78,
"Recovered": 41,
"Deceased": 5
},
{
"Date": "14-06-2020",
"Confirmed": 84,
"Recovered": 41,
"Deceased": 5
},
{
"Date": "15-06-2020",
"Confirmed": 93,
"Recovered": 42,
"Deceased": 5
},
{
"Date": "16-06-2020",
"Confirmed": 99,
"Recovered": 46,
"Deceased": 5
},
{
"Date": "17-06-2020",
"Confirmed": 106,
"Recovered": 46,
"Deceased": 6
},
{
"Date": "18-06-2020",
"Confirmed": 115,
"Recovered": 46,
"Deceased": 6
},
{
"Date": "19-06-2020",
"Confirmed": 124,
"Recovered": 53,
"Deceased": 6
},
{
"Date": "20-06-2020",
"Confirmed": 136,
"Recovered": 53,
"Deceased": 6
},
{
"Date": "21-06-2020",
"Confirmed": 146,
"Recovered": 60,
"Deceased": 6
},
{
"Date": "22-06-2020",
"Confirmed": 151,
"Recovered": 60,
"Deceased": 6
},
{
"Date": "23-06-2020",
"Confirmed": 162,
"Recovered": 79,
"Deceased": 6
},
{
"Date": "24-06-2020",
"Confirmed": 172,
"Recovered": 79,
"Deceased": 6
},
{
"Date": "25-06-2020",
"Confirmed": 181,
"Recovered": 90,
"Deceased": 6
},
{
"Date": "26-06-2020",
"Confirmed": 197,
"Recovered": 93,
"Deceased": 8
},
{
"Date": "27-06-2020",
"Confirmed": 205,
"Recovered": 100,
"Deceased": 8
},
{
"Date": "28-06-2020",
"Confirmed": 212,
"Recovered": 100,
"Deceased": 9
},
{
"Date": "29-06-2020",
"Confirmed": 220,
"Recovered": 104,
"Deceased": 9
},
{
"Date": "30-06-2020",
"Confirmed": 228,
"Recovered": 106,
"Deceased": 9
},
{
"Date": "01-07-2020",
"Confirmed": 243,
"Recovered": 117,
"Deceased": 10
},
{
"Date": "02-07-2020",
"Confirmed": 253,
"Recovered": 131,
"Deceased": 10
},
{
"Date": "03-07-2020",
"Confirmed": 266,
"Recovered": 131,
"Deceased": 10
},
{
"Date": "04-07-2020",
"Confirmed": 281,
"Recovered": 138,
"Deceased": 10
},
{
"Date": "05-07-2020",
"Confirmed": 296,
"Recovered": 138,
"Deceased": 10
},
{
"Date": "06-07-2020",
"Confirmed": 314,
"Recovered": 159,
"Deceased": 10
},
{
"Date": "07-07-2020",
"Confirmed": 329,
"Recovered": 163,
"Deceased": 10
},
{
"Date": "08-07-2020",
"Confirmed": 345,
"Recovered": 163,
"Deceased": 10
},
{
"Date": "09-07-2020",
"Confirmed": 364,
"Recovered": 183,
"Deceased": 11
},
{
"Date": "10-07-2020",
"Confirmed": 378,
"Recovered": 192,
"Deceased": 11
},
{
"Date": "11-07-2020",
"Confirmed": 401,
"Recovered": 210,
"Deceased": 11
},
{
"Date": "12-07-2020",
"Confirmed": 415,
"Recovered": 228,
"Deceased": 11
},
{
"Date": "13-07-2020",
"Confirmed": 430,
"Recovered": 246,
"Deceased": 11
},
{
"Date": "14-07-2020",
"Confirmed": 458,
"Recovered": 246,
"Deceased": 11
},
{
"Date": "15-07-2020",
"Confirmed": 472,
"Recovered": 271,
"Deceased": 11
},
{
"Date": "16-07-2020",
"Confirmed": 501,
"Recovered": 287,
"Deceased": 11
},
{
"Date": "17-07-2020",
"Confirmed": 548,
"Recovered": 307,
"Deceased": 11
},
{
"Date": "18-07-2020",
"Confirmed": 561,
"Recovered": 339,
"Deceased": 11
},
{
"Date": "19-07-2020",
"Confirmed": 579,
"Recovered": 339,
"Deceased": 11
},
{
"Date": "20-07-2020",
"Confirmed": 601,
"Recovered": 365,
"Deceased": 11
},
{
"Date": "21-07-2020",
"Confirmed": 617,
"Recovered": 385,
"Deceased": 11
},
{
"Date": "22-07-2020",
"Confirmed": 644,
"Recovered": 413,
"Deceased": 11
},
{
"Date": "23-07-2020",
"Confirmed": 671,
"Recovered": 420,
"Deceased": 11
},
{
"Date": "24-07-2020",
"Confirmed": 701,
"Recovered": 420,
"Deceased": 11
},
{
"Date": "25-07-2020",
"Confirmed": 726,
"Recovered": 462,
"Deceased": 11
},
{
"Date": "26-07-2020",
"Confirmed": 745,
"Recovered": 476,
"Deceased": 11
},
{
"Date": "27-07-2020",
"Confirmed": 769,
"Recovered": 489,
"Deceased": 11
},
{
"Date": "28-07-2020",
"Confirmed": 788,
"Recovered": 538,
"Deceased": 11
},
{
"Date": "29-07-2020",
"Confirmed": 821,
"Recovered": 549,
"Deceased": 11
},
{
"Date": "30-07-2020",
"Confirmed": 856,
"Recovered": 571,
"Deceased": 11
},
{
"Date": "31-07-2020",
"Confirmed": 877,
"Recovered": 597,
"Deceased": 11
},
{
"Date": "01-08-2020",
"Confirmed": 893,
"Recovered": 609,
"Deceased": 11
},
{
"Date": "02-08-2020",
"Confirmed": 909,
"Recovered": 609,
"Deceased": 11
},
{
"Date": "03-08-2020",
"Confirmed": 927,
"Recovered": 690,
"Deceased": 11
},
{
"Date": "04-08-2020",
"Confirmed": 943,
"Recovered": 705,
"Deceased": 11
},
{
"Date": "05-08-2020",
"Confirmed": 964,
"Recovered": 730,
"Deceased": 11
},
{
"Date": "06-08-2020",
"Confirmed": 983,
"Recovered": 757,
"Deceased": 11
},
{
"Date": "07-08-2020",
"Confirmed": 996,
"Recovered": 771,
"Deceased": 11
},
{
"Date": "08-08-2020",
"Confirmed": 1007,
"Recovered": 787,
"Deceased": 11
},
{
"Date": "09-08-2020",
"Confirmed": 1035,
"Recovered": 808,
"Deceased": 11
},
{
"Date": "10-08-2020",
"Confirmed": 1055,
"Recovered": 832,
"Deceased": 11
},
{
"Date": "11-08-2020",
"Confirmed": 1095,
"Recovered": 852,
"Deceased": 11
},
{
"Date": "12-08-2020",
"Confirmed": 1120,
"Recovered": 870,
"Deceased": 11
},
{
"Date": "13-08-2020",
"Confirmed": 1130,
"Recovered": 887,
"Deceased": 11
},
{
"Date": "14-08-2020",
"Confirmed": 1153,
"Recovered": 902,
"Deceased": 11
},
{
"Date": "15-08-2020",
"Confirmed": 1177,
"Recovered": 902,
"Deceased": 11
},
{
"Date": "16-08-2020",
"Confirmed": 1207,
"Recovered": 913,
"Deceased": 11
},
{
"Date": "17-08-2020",
"Confirmed": 1223,
"Recovered": 932,
"Deceased": 11
},
{
"Date": "18-08-2020",
"Confirmed": 1249,
"Recovered": 947,
"Deceased": 11
},
{
"Date": "19-08-2020",
"Confirmed": 1271,
"Recovered": 961,
"Deceased": 11
},
{
"Date": "20-08-2020",
"Confirmed": 1291,
"Recovered": 984,
"Deceased": 11
},
{
"Date": "21-08-2020",
"Confirmed": 1322,
"Recovered": 1005,
"Deceased": 11
},
{
"Date": "22-08-2020",
"Confirmed": 1354,
"Recovered": 1014,
"Deceased": 11
},
{
"Date": "23-08-2020",
"Confirmed": 1381,
"Recovered": 1036,
"Deceased": 11
},
{
"Date": "24-08-2020",
"Confirmed": 1395,
"Recovered": 1049,
"Deceased": 11
},
{
"Date": "25-08-2020",
"Confirmed": 1421,
"Recovered": 1123,
"Deceased": 11
},
{
"Date": "26-08-2020",
"Confirmed": 1450,
"Recovered": 1171,
"Deceased": 11
},
{
"Date": "27-08-2020",
"Confirmed": 1471,
"Recovered": 1186,
"Deceased": 11
},
{
"Date": "28-08-2020",
"Confirmed": 1492,
"Recovered": 1201,
"Deceased": 11
},
{
"Date": "29-08-2020",
"Confirmed": 1513,
"Recovered": 1224,
"Deceased": 11
},
{
"Date": "30-08-2020",
"Confirmed": 1543,
"Recovered": 1242,
"Deceased": 11
},
{
"Date": "31-08-2020",
"Confirmed": 1563,
"Recovered": 1256,
"Deceased": 11
},
{
"Date": "01-09-2020",
"Confirmed": 1588,
"Recovered": 1276,
"Deceased": 11
},
{
"Date": "02-09-2020",
"Confirmed": 1611,
"Recovered": 1290,
"Deceased": 11
},
{
"Date": "03-09-2020",
"Confirmed": 1637,
"Recovered": 1313,
"Deceased": 12
},
{
"Date": "04-09-2020",
"Confirmed": 1656,
"Recovered": 1336,
"Deceased": 12
},
{
"Date": "05-09-2020",
"Confirmed": 1681,
"Recovered": 1368,
"Deceased": 12
},
{
"Date": "06-09-2020",
"Confirmed": 1703,
"Recovered": 1380,
"Deceased": 12
},
{
"Date": "07-09-2020",
"Confirmed": 1723,
"Recovered": 1394,
"Deceased": 12
},
{
"Date": "08-09-2020",
"Confirmed": 1745,
"Recovered": 1432,
"Deceased": 12
},
{
"Date": "09-09-2020",
"Confirmed": 1769,
"Recovered": 1463,
"Deceased": 12
},
{
"Date": "10-09-2020",
"Confirmed": 1793,
"Recovered": 1482,
"Deceased": 12
},
{
"Date": "11-09-2020",
"Confirmed": 1818,
"Recovered": 1540,
"Deceased": 12
},
{
"Date": "12-09-2020",
"Confirmed": 1837,
"Recovered": 1600,
"Deceased": 12
},
{
"Date": "13-09-2020",
"Confirmed": 1858,
"Recovered": 1622,
"Deceased": 13
},
{
"Date": "14-09-2020",
"Confirmed": 1877,
"Recovered": 1640,
"Deceased": 14
},
{
"Date": "15-09-2020",
"Confirmed": 1893,
"Recovered": 1681,
"Deceased": 14
},
{
"Date": "16-09-2020",
"Confirmed": 1918,
"Recovered": 1697,
"Deceased": 14
},
{
"Date": "17-09-2020",
"Confirmed": 1943,
"Recovered": 1715,
"Deceased": 14
},
{
"Date": "18-09-2020",
"Confirmed": 1969,
"Recovered": 1731,
"Deceased": 14
},
{
"Date": "19-09-2020",
"Confirmed": 1993,
"Recovered": 1751,
"Deceased": 14
},
{
"Date": "20-09-2020",
"Confirmed": 2015,
"Recovered": 1770,
"Deceased": 14
},
{
"Date": "21-09-2020",
"Confirmed": 2028,
"Recovered": 1786,
"Deceased": 14
},
{
"Date": "22-09-2020",
"Confirmed": 2050,
"Recovered": 1806,
"Deceased": 14
},
{
"Date": "23-09-2020",
"Confirmed": 2072,
"Recovered": 1824,
"Deceased": 14
},
{
"Date": "24-09-2020",
"Confirmed": 2095,
"Recovered": 1845,
"Deceased": 14
},
{
"Date": "25-09-2020",
"Confirmed": 2121,
"Recovered": 1874,
"Deceased": 14
},
{
"Date": "26-09-2020",
"Confirmed": 2142,
"Recovered": 1898,
"Deceased": 14
},
{
"Date": "27-09-2020",
"Confirmed": 2163,
"Recovered": 1916,
"Deceased": 14
},
{
"Date": "28-09-2020",
"Confirmed": 2192,
"Recovered": 1934,
"Deceased": 15
},
{
"Date": "29-09-2020",
"Confirmed": 2221,
"Recovered": 1966,
"Deceased": 15
},
{
"Date": "30-09-2020",
"Confirmed": 2245,
"Recovered": 1987,
"Deceased": 15
},
{
"Date": "01-10-2020",
"Confirmed": 2267,
"Recovered": 2007,
"Deceased": 15
},
{
"Date": "02-10-2020",
"Confirmed": 2299,
"Recovered": 2034,
"Deceased": 15
},
{
"Date": "03-10-2020",
"Confirmed": 2323,
"Recovered": 2059,
"Deceased": 15
},
{
"Date": "04-10-2020",
"Confirmed": 2345,
"Recovered": 2076,
"Deceased": 15
},
{
"Date": "05-10-2020",
"Confirmed": 2361,
"Recovered": 2096,
"Deceased": 15
},
{
"Date": "06-10-2020",
"Confirmed": 2393,
"Recovered": 2123,
"Deceased": 15
},
{
"Date": "07-10-2020",
"Confirmed": 2414,
"Recovered": 2144,
"Deceased": 15
},
{
"Date": "08-10-2020",
"Confirmed": 2440,
"Recovered": 2171,
"Deceased": 15
},
{
"Date": "09-10-2020",
"Confirmed": 2463,
"Recovered": 2188,
"Deceased": 15
},
{
"Date": "10-10-2020",
"Confirmed": 2497,
"Recovered": 2208,
"Deceased": 15
},
{
"Date": "11-10-2020",
"Confirmed": 2517,
"Recovered": 2227,
"Deceased": 15
},
{
"Date": "12-10-2020",
"Confirmed": 2536,
"Recovered": 2246,
"Deceased": 15
},
{
"Date": "13-10-2020",
"Confirmed": 2562,
"Recovered": 2264,
"Deceased": 15
},
{
"Date": "14-10-2020",
"Confirmed": 2587,
"Recovered": 2285,
"Deceased": 15
},
{
"Date": "15-10-2020",
"Confirmed": 2615,
"Recovered": 2305,
"Deceased": 15
},
{
"Date": "16-10-2020",
"Confirmed": 2626,
"Recovered": 2337,
"Deceased": 15
},
{
"Date": "17-10-2020",
"Confirmed": 2653,
"Recovered": 2355,
"Deceased": 15
},
{
"Date": "18-10-2020",
"Confirmed": 2670,
"Recovered": 2406,
"Deceased": 15
},
{
"Date": "19-10-2020",
"Confirmed": 2681,
"Recovered": 2434,
"Deceased": 15
},
{
"Date": "20-10-2020",
"Confirmed": 2700,
"Recovered": 2453,
"Deceased": 15
},
{
"Date": "21-10-2020",
"Confirmed": 2723,
"Recovered": 2476,
"Deceased": 16
},
{
"Date": "22-10-2020",
"Confirmed": 2742,
"Recovered": 2515,
"Deceased": 16
},
{
"Date": "23-10-2020",
"Confirmed": 2766,
"Recovered": 2557,
"Deceased": 16
},
{
"Date": "24-10-2020",
"Confirmed": 2784,
"Recovered": 2577,
"Deceased": 16
},
{
"Date": "25-10-2020",
"Confirmed": 2804,
"Recovered": 2592,
"Deceased": 16
},
{
"Date": "26-10-2020",
"Confirmed": 2824,
"Recovered": 2621,
"Deceased": 16
},
{
"Date": "27-10-2020",
"Confirmed": 2844,
"Recovered": 2646,
"Deceased": 16
},
{
"Date": "28-10-2020",
"Confirmed": 2859,
"Recovered": 2668,
"Deceased": 16
},
{
"Date": "29-10-2020",
"Confirmed": 2866,
"Recovered": 2685,
"Deceased": 16
},
{
"Date": "30-10-2020",
"Confirmed": 2890,
"Recovered": 2706,
"Deceased": 16
},
{
"Date": "31-10-2020",
"Confirmed": 2908,
"Recovered": 2718,
"Deceased": 16
},
{
"Date": "01-11-2020",
"Confirmed": 2920,
"Recovered": 2732,
"Deceased": 16
},
{
"Date": "02-11-2020",
"Confirmed": 2936,
"Recovered": 2750,
"Deceased": 16
},
{
"Date": "03-11-2020",
"Confirmed": 2950,
"Recovered": 2791,
"Deceased": 16
},
{
"Date": "04-11-2020",
"Confirmed": 2960,
"Recovered": 2822,
"Deceased": 16
},
{
"Date": "05-11-2020",
"Confirmed": 2969,
"Recovered": 2853,
"Deceased": 16
},
{
"Date": "06-11-2020",
"Confirmed": 2978,
"Recovered": 2878,
"Deceased": 17
},
{
"Date": "07-11-2020",
"Confirmed": 2998,
"Recovered": 2895,
"Deceased": 17
},
{
"Date": "08-11-2020",
"Confirmed": 3019,
"Recovered": 2907,
"Deceased": 17
},
{
"Date": "09-11-2020",
"Confirmed": 3025,
"Recovered": 2916,
"Deceased": 17
},
{
"Date": "10-11-2020",
"Confirmed": 3036,
"Recovered": 2937,
"Deceased": 17
},
{
"Date": "11-11-2020",
"Confirmed": 3054,
"Recovered": 2955,
"Deceased": 17
},
{
"Date": "12-11-2020",
"Confirmed": 3068,
"Recovered": 2970,
"Deceased": 17
},
{
"Date": "13-11-2020",
"Confirmed": 3096,
"Recovered": 2979,
"Deceased": 17
},
{
"Date": "14-11-2020",
"Confirmed": 3106,
"Recovered": 2987,
"Deceased": 17
},
{
"Date": "15-11-2020",
"Confirmed": 3118,
"Recovered": 2993,
"Deceased": 17
},
{
"Date": "16-11-2020",
"Confirmed": 3125,
"Recovered": 3000,
"Deceased": 17
},
{
"Date": "17-11-2020",
"Confirmed": 3141,
"Recovered": 3007,
"Deceased": 17
},
{
"Date": "18-11-2020",
"Confirmed": 3152,
"Recovered": 3017,
"Deceased": 17
},
{
"Date": "19-11-2020",
"Confirmed": 3169,
"Recovered": 3028,
"Deceased": 17
},
{
"Date": "20-11-2020",
"Confirmed": 3174,
"Recovered": 3037,
"Deceased": 17
},
{
"Date": "21-11-2020",
"Confirmed": 3180,
"Recovered": 3045,
"Deceased": 17
},
{
"Date": "22-11-2020",
"Confirmed": 3193,
"Recovered": 3056,
"Deceased": 17
},
{
"Date": "23-11-2020",
"Confirmed": 3206,
"Recovered": 3066,
"Deceased": 17
},
{
"Date": "24-11-2020",
"Confirmed": 3227,
"Recovered": 3095,
"Deceased": 17
},
{
"Date": "25-11-2020",
"Confirmed": 3253,
"Recovered": 3109,
"Deceased": 17
},
{
"Date": "26-11-2020",
"Confirmed": 3274,
"Recovered": 3125,
"Deceased": 17
},
{
"Date": "27-11-2020",
"Confirmed": 3306,
"Recovered": 3161,
"Deceased": 17
},
{
"Date": "28-11-2020",
"Confirmed": 3325,
"Recovered": 3169,
"Deceased": 17
},
{
"Date": "29-11-2020",
"Confirmed": 3345,
"Recovered": 3179,
"Deceased": 18
},
{
"Date": "30-11-2020",
"Confirmed": 3364,
"Recovered": 3187,
"Deceased": 18
},
{
"Date": "01-12-2020",
"Confirmed": 3377,
"Recovered": 3208,
"Deceased": 18
},
{
"Date": "02-12-2020",
"Confirmed": 3403,
"Recovered": 3225,
"Deceased": 18
},
{
"Date": "03-12-2020",
"Confirmed": 3426,
"Recovered": 3242,
"Deceased": 18
},
{
"Date": "04-12-2020",
"Confirmed": 3447,
"Recovered": 3253,
"Deceased": 18
},
{
"Date": "05-12-2020",
"Confirmed": 3470,
"Recovered": 3267,
"Deceased": 18
},
{
"Date": "06-12-2020",
"Confirmed": 3480,
"Recovered": 3280,
"Deceased": 18
},
{
"Date": "07-12-2020",
"Confirmed": 3492,
"Recovered": 3300,
"Deceased": 18
},
{
"Date": "08-12-2020",
"Confirmed": 3516,
"Recovered": 3336,
"Deceased": 18
},
{
"Date": "09-12-2020",
"Confirmed": 3527,
"Recovered": 3353,
"Deceased": 18
},
{
"Date": "10-12-2020",
"Confirmed": 3544,
"Recovered": 3372,
"Deceased": 18
},
{
"Date": "11-12-2020",
"Confirmed": 3561,
"Recovered": 3391,
"Deceased": 18
},
{
"Date": "12-12-2020",
"Confirmed": 3572,
"Recovered": 3405,
"Deceased": 18
},
{
"Date": "13-12-2020",
"Confirmed": 3586,
"Recovered": 3418,
"Deceased": 18
},
{
"Date": "14-12-2020",
"Confirmed": 3600,
"Recovered": 3431,
"Deceased": 18
},
{
"Date": "15-12-2020",
"Confirmed": 3622,
"Recovered": 3447,
"Deceased": 18
},
{
"Date": "16-12-2020",
"Confirmed": 3632,
"Recovered": 3461,
"Deceased": 18
},
{
"Date": "17-12-2020",
"Confirmed": 3654,
"Recovered": 3475,
"Deceased": 18
},
{
"Date": "18-12-2020",
"Confirmed": 3666,
"Recovered": 3489,
"Deceased": 18
},
{
"Date": "19-12-2020",
"Confirmed": 3682,
"Recovered": 3525,
"Deceased": 18
},
{
"Date": "20-12-2020",
"Confirmed": 3707,
"Recovered": 3538,
"Deceased": 18
},
{
"Date": "21-12-2020",
"Confirmed": 3718,
"Recovered": 3567,
"Deceased": 18
},
{
"Date": "22-12-2020",
"Confirmed": 3728,
"Recovered": 3579,
"Deceased": 18
},
{
"Date": "23-12-2020",
"Confirmed": 3737,
"Recovered": 3591,
"Deceased": 18
},
{
"Date": "24-12-2020",
"Confirmed": 3756,
"Recovered": 3607,
"Deceased": 18
},
{
"Date": "25-12-2020",
"Confirmed": 3773,
"Recovered": 3616,
"Deceased": 18
},
{
"Date": "26-12-2020",
"Confirmed": 3793,
"Recovered": 3625,
"Deceased": 18
},
{
"Date": "27-12-2020",
"Confirmed": 3801,
"Recovered": 3634,
"Deceased": 18
},
{
"Date": "28-12-2020",
"Confirmed": 3811,
"Recovered": 3664,
"Deceased": 18
},
{
"Date": "29-12-2020",
"Confirmed": 3829,
"Recovered": 3676,
"Deceased": 18
},
{
"Date": "30-12-2020",
"Confirmed": 3845,
"Recovered": 3689,
"Deceased": 18
},
{
"Date": "31-12-2020",
"Confirmed": 3865,
"Recovered": 3703,
"Deceased": 18
},
{
"Date": "01-01-2021",
"Confirmed": 3885,
"Recovered": 3718,
"Deceased": 18
},
{
"Date": "02-01-2021",
"Confirmed": 3895,
"Recovered": 3758,
"Deceased": 18
},
{
"Date": "03-01-2021",
"Confirmed": 3910,
"Recovered": 3767,
"Deceased": 18
},
{
"Date": "04-01-2021",
"Confirmed": 3922,
"Recovered": 3776,
"Deceased": 18
},
{
"Date": "05-01-2021",
"Confirmed": 3930,
"Recovered": 3786,
"Deceased": 18
},
{
"Date": "06-01-2021",
"Confirmed": 3936,
"Recovered": 3839,
"Deceased": 18
},
{
"Date": "07-01-2021",
"Confirmed": 3952,
"Recovered": 3846,
"Deceased": 18
},
{
"Date": "08-01-2021",
"Confirmed": 3964,
"Recovered": 3855,
"Deceased": 18
},
{
"Date": "09-01-2021",
"Confirmed": 3969,
"Recovered": 3866,
"Deceased": 18
},
{
"Date": "10-01-2021",
"Confirmed": 3973,
"Recovered": 3878,
"Deceased": 18
},
{
"Date": "11-01-2021",
"Confirmed": 3979,
"Recovered": 3902,
"Deceased": 18
},
{
"Date": "12-01-2021",
"Confirmed": 3990,
"Recovered": 3911,
"Deceased": 18
},
{
"Date": "13-01-2021",
"Confirmed": 3995,
"Recovered": 3921,
"Deceased": 18
},
{
"Date": "14-01-2021",
"Confirmed": 4013,
"Recovered": 3928,
"Deceased": 18
},
{
"Date": "15-01-2021",
"Confirmed": 4018,
"Recovered": 3934,
"Deceased": 18
},
{
"Date": "16-01-2021",
"Confirmed": 4035,
"Recovered": 3942,
"Deceased": 18
},
{
"Date": "17-01-2021",
"Confirmed": 4045,
"Recovered": 3951,
"Deceased": 18
},
{
"Date": "18-01-2021",
"Confirmed": 4054,
"Recovered": 3976,
"Deceased": 18
},
{
"Date": "19-01-2021",
"Confirmed": 4059,
"Recovered": 3983,
"Deceased": 18
},
{
"Date": "20-01-2021",
"Confirmed": 4064,
"Recovered": 3992,
"Deceased": 18
},
{
"Date": "21-01-2021",
"Confirmed": 4071,
"Recovered": 4002,
"Deceased": 18
},
{
"Date": "22-01-2021",
"Confirmed": 4082,
"Recovered": 4008,
"Deceased": 18
},
{
"Date": "23-01-2021",
"Confirmed": 4084,
"Recovered": 4013,
"Deceased": 18
},
{
"Date": "24-01-2021",
"Confirmed": 4091,
"Recovered": 4018,
"Deceased": 18
},
{
"Date": "25-01-2021",
"Confirmed": 4095,
"Recovered": 4037,
"Deceased": 18
},
{
"Date": "26-01-2021",
"Confirmed": 4100,
"Recovered": 4041,
"Deceased": 18
},
{
"Date": "27-01-2021",
"Confirmed": 4105,
"Recovered": 4045,
"Deceased": 18
},
{
"Date": "28-01-2021",
"Confirmed": 4113,
"Recovered": 4050,
"Deceased": 18
},
{
"Date": "29-01-2021",
"Confirmed": 4115,
"Recovered": 4054,
"Deceased": 18
},
{
"Date": "30-01-2021",
"Confirmed": 4122,
"Recovered": 4059,
"Deceased": 18
},
{
"Date": "31-01-2021",
"Confirmed": 4125,
"Recovered": 4064,
"Deceased": 18
},
{
"Date": "01-02-2021",
"Confirmed": 4129,
"Recovered": 4083,
"Deceased": 18
},
{
"Date": "02-02-2021",
"Confirmed": 4130,
"Recovered": 4088,
"Deceased": 18
},
{
"Date": "03-02-2021",
"Confirmed": 4132,
"Recovered": 4091,
"Deceased": 18
},
{
"Date": "04-02-2021",
"Confirmed": 4134,
"Recovered": 4101,
"Deceased": 18
},
{
"Date": "05-02-2021",
"Confirmed": 4136,
"Recovered": 4104,
"Deceased": 18
},
{
"Date": "06-02-2021",
"Confirmed": 4137,
"Recovered": 4106,
"Deceased": 18
},
{
"Date": "07-02-2021",
"Confirmed": 4137,
"Recovered": 4108,
"Deceased": 18
},
{
"Date": "08-02-2021",
"Confirmed": 4140,
"Recovered": 4109,
"Deceased": 18
},
{
"Date": "09-02-2021",
"Confirmed": 4140,
"Recovered": 4111,
"Deceased": 18
},
{
"Date": "10-02-2021",
"Confirmed": 4144,
"Recovered": 4112,
"Deceased": 18
},
{
"Date": "11-02-2021",
"Confirmed": 4145,
"Recovered": 4113,
"Deceased": 18
},
{
"Date": "12-02-2021",
"Confirmed": 4145,
"Recovered": 4114,
"Deceased": 18
},
{
"Date": "13-02-2021",
"Confirmed": 4146,
"Recovered": 4116,
"Deceased": 18
},
{
"Date": "14-02-2021",
"Confirmed": 4147,
"Recovered": 4116,
"Deceased": 18
},
{
"Date": "15-02-2021",
"Confirmed": 4152,
"Recovered": 4126,
"Deceased": 18
},
{
"Date": "16-02-2021",
"Confirmed": 4157,
"Recovered": 4126,
"Deceased": 18
},
{
"Date": "17-02-2021",
"Confirmed": 4159,
"Recovered": 4126,
"Deceased": 18
},
{
"Date": "18-02-2021",
"Confirmed": 4164,
"Recovered": 4126,
"Deceased": 18
},
{
"Date": "19-02-2021",
"Confirmed": 4168,
"Recovered": 4132,
"Deceased": 18
},
{
"Date": "20-02-2021",
"Confirmed": 4171,
"Recovered": 4132,
"Deceased": 18
},
{
"Date": "21-02-2021",
"Confirmed": 4177,
"Recovered": 4139,
"Deceased": 18
},
{
"Date": "22-02-2021",
"Confirmed": 4178,
"Recovered": 4139,
"Deceased": 18
},
{
"Date": "23-02-2021",
"Confirmed": 4179,
"Recovered": 4139,
"Deceased": 18
},
{
"Date": "24-02-2021",
"Confirmed": 4181,
"Recovered": 4141,
"Deceased": 18
},
{
"Date": "25-02-2021",
"Confirmed": 4183,
"Recovered": 4143,
"Deceased": 18
},
{
"Date": "26-02-2021",
"Confirmed": 4185,
"Recovered": 4144,
"Deceased": 18
},
{
"Date": "27-02-2021",
"Confirmed": 4188,
"Recovered": 4147,
"Deceased": 18
},
{
"Date": "28-02-2021",
"Confirmed": 4191,
"Recovered": 4149,
"Deceased": 18
},
{
"Date": "01-03-2021",
"Confirmed": 4194,
"Recovered": 4151,
"Deceased": 18
},
{
"Date": "02-03-2021",
"Confirmed": 4202,
"Recovered": 4153,
"Deceased": 18
},
{
"Date": "03-03-2021",
"Confirmed": 4204,
"Recovered": 4154,
"Deceased": 18
},
{
"Date": "04-03-2021",
"Confirmed": 4211,
"Recovered": 4156,
"Deceased": 18
},
{
"Date": "05-03-2021",
"Confirmed": 4219,
"Recovered": 4158,
"Deceased": 18
},
{
"Date": "06-03-2021",
"Confirmed": 4222,
"Recovered": 4160,
"Deceased": 18
},
{
"Date": "07-03-2021",
"Confirmed": 4227,
"Recovered": 4163,
"Deceased": 18
},
{
"Date": "08-03-2021",
"Confirmed": 4238,
"Recovered": 4176,
"Deceased": 18
},
{
"Date": "09-03-2021",
"Confirmed": 4256,
"Recovered": 4179,
"Deceased": 18
},
{
"Date": "10-03-2021",
"Confirmed": 4271,
"Recovered": 4182,
"Deceased": 18
},
{
"Date": "11-03-2021",
"Confirmed": 4283,
"Recovered": 4184,
"Deceased": 18
},
{
"Date": "12-03-2021",
"Confirmed": 4297,
"Recovered": 4188,
"Deceased": 18
},
{
"Date": "13-03-2021",
"Confirmed": 4317,
"Recovered": 4193,
"Deceased": 18
},
{
"Date": "14-03-2021",
"Confirmed": 4325,
"Recovered": 4199,
"Deceased": 18
},
{
"Date": "15-03-2021",
"Confirmed": 4356,
"Recovered": 4203,
"Deceased": 18
},
{
"Date": "16-03-2021",
"Confirmed": 4382,
"Recovered": 4208,
"Deceased": 18
},
{
"Date": "17-03-2021",
"Confirmed": 4403,
"Recovered": 4230,
"Deceased": 18
},
{
"Date": "18-03-2021",
"Confirmed": 4416,
"Recovered": 4241,
"Deceased": 18
},
{
"Date": "19-03-2021",
"Confirmed": 4434,
"Recovered": 4249,
"Deceased": 18
},
{
"Date": "20-03-2021",
"Confirmed": 4448,
"Recovered": 4260,
"Deceased": 18
},
{
"Date": "21-03-2021",
"Confirmed": 4459,
"Recovered": 4269,
"Deceased": 18
},
{
"Date": "22-03-2021",
"Confirmed": 4473,
"Recovered": 4305,
"Deceased": 18
},
{
"Date": "23-03-2021",
"Confirmed": 4488,
"Recovered": 4313,
"Deceased": 18
},
{
"Date": "24-03-2021",
"Confirmed": 4501,
"Recovered": 4342,
"Deceased": 18
},
{
"Date": "25-03-2021",
"Confirmed": 4512,
"Recovered": 4354,
"Deceased": 18
},
{
"Date": "26-03-2021",
"Confirmed": 4525,
"Recovered": 4365,
"Deceased": 18
},
{
"Date": "27-03-2021",
"Confirmed": 4536,
"Recovered": 4375,
"Deceased": 19
},
{
"Date": "28-03-2021",
"Confirmed": 4552,
"Recovered": 4389,
"Deceased": 19
},
{
"Date": "29-03-2021",
"Confirmed": 4573,
"Recovered": 4401,
"Deceased": 19
},
{
"Date": "30-03-2021",
"Confirmed": 4586,
"Recovered": 4411,
"Deceased": 19
},
{
"Date": "31-03-2021",
"Confirmed": 4600,
"Recovered": 4419,
"Deceased": 19
},
{
"Date": "01-04-2021",
"Confirmed": 4628,
"Recovered": 4435,
"Deceased": 19
},
{
"Date": "02-04-2021",
"Confirmed": 4644,
"Recovered": 4452,
"Deceased": 20
},
{
"Date": "03-04-2021",
"Confirmed": 4680,
"Recovered": 4466,
"Deceased": 20
},
{
"Date": "04-04-2021",
"Confirmed": 4710,
"Recovered": 4484,
"Deceased": 20
},
{
"Date": "05-04-2021",
"Confirmed": 4742,
"Recovered": 4484,
"Deceased": 20
},
{
"Date": "06-04-2021",
"Confirmed": 4763,
"Recovered": 4517,
"Deceased": 20
},
{
"Date": "07-04-2021",
"Confirmed": 4785,
"Recovered": 4534,
"Deceased": 20
},
{
"Date": "08-04-2021",
"Confirmed": 4811,
"Recovered": 4552,
"Deceased": 21
},
{
"Date": "09-04-2021",
"Confirmed": 4834,
"Recovered": 4571,
"Deceased": 21
},
{
"Date": "10-04-2021",
"Confirmed": 4866,
"Recovered": 4591,
"Deceased": 21
},
{
"Date": "11-04-2021",
"Confirmed": 4907,
"Recovered": 4608,
"Deceased": 21
},
{
"Date": "12-04-2021",
"Confirmed": 4961,
"Recovered": 4623,
"Deceased": 22
},
{
"Date": "13-04-2021",
"Confirmed": 5048,
"Recovered": 4647,
"Deceased": 23
},
{
"Date": "14-04-2021",
"Confirmed": 5172,
"Recovered": 4672,
"Deceased": 23
},
{
"Date": "15-04-2021",
"Confirmed": 5333,
"Recovered": 4693,
"Deceased": 24
},
{
"Date": "16-04-2021",
"Confirmed": 5506,
"Recovered": 4730,
"Deceased": 24
},
{
"Date": "17-04-2021",
"Confirmed": 5741,
"Recovered": 4758,
"Deceased": 25
},
{
"Date": "18-04-2021",
"Confirmed": 5800,
"Recovered": 4795,
"Deceased": 28
},
{
"Date": "19-04-2021",
"Confirmed": 5969,
"Recovered": 4828,
"Deceased": 31
},
{
"Date": "20-04-2021",
"Confirmed": 6140,
"Recovered": 4880,
"Deceased": 34
},
{
"Date": "21-04-2021",
"Confirmed": 6346,
"Recovered": 4921,
"Deceased": 37
},
{
"Date": "22-04-2021",
"Confirmed": 6503,
"Recovered": 4961,
"Deceased": 39
},
{
"Date": "23-04-2021",
"Confirmed": 6609,
"Recovered": 5017,
"Deceased": 42
},
{
"Date": "24-04-2021",
"Confirmed": 6763,
"Recovered": 5076,
"Deceased": 42
},
{
"Date": "25-04-2021",
"Confirmed": 6880,
"Recovered": 5118,
"Deceased": 46
},
{
"Date": "26-04-2021",
"Confirmed": 7015,
"Recovered": 5162,
"Deceased": 48
},
{
"Date": "27-04-2021",
"Confirmed": 7190,
"Recovered": 5208,
"Deceased": 50
},
{
"Date": "28-04-2021",
"Confirmed": 7313,
"Recovered": 5261,
"Deceased": 55
},
{
"Date": "29-04-2021",
"Confirmed": 7498,
"Recovered": 5337,
"Deceased": 57
},
{
"Date": "30-04-2021",
"Confirmed": 7631,
"Recovered": 5427,
"Deceased": 59
},
{
"Date": "01-05-2021",
"Confirmed": 7744,
"Recovered": 5512,
"Deceased": 62
},
{
"Date": "02-05-2021",
"Confirmed": 7788,
"Recovered": 5684,
"Deceased": 68
},
{
"Date": "03-05-2021",
"Confirmed": 7889,
"Recovered": 5790,
"Deceased": 69
},
{
"Date": "04-05-2021",
"Confirmed": 7995,
"Recovered": 5943,
"Deceased": 70
},
{
"Date": "05-05-2021",
"Confirmed": 8086,
"Recovered": 6139,
"Deceased": 72
},
{
"Date": "06-05-2021",
"Confirmed": 8273,
"Recovered": 6324,
"Deceased": 76
},
{
"Date": "07-05-2021",
"Confirmed": 8387,
"Recovered": 6493,
"Deceased": 78
},
{
"Date": "08-05-2021",
"Confirmed": 8518,
"Recovered": 6684,
"Deceased": 81
},
{
"Date": "09-05-2021",
"Confirmed": 8766,
"Recovered": 6860,
"Deceased": 83
},
{
"Date": "10-05-2021",
"Confirmed": 8881,
"Recovered": 7023,
"Deceased": 85
},
{
"Date": "11-05-2021",
"Confirmed": 9023,
"Recovered": 7218,
"Deceased": 87
},
{
"Date": "12-05-2021",
"Confirmed": 9220,
"Recovered": 7404,
"Deceased": 89
},
{
"Date": "13-05-2021",
"Confirmed": 9393,
"Recovered": 7499,
"Deceased": 92
},
{
"Date": "14-05-2021",
"Confirmed": 9524,
"Recovered": 7588,
"Deceased": 94
},
{
"Date": "15-05-2021",
"Confirmed": 9632,
"Recovered": 7669,
"Deceased": 96
},
{
"Date": "16-05-2021",
"Confirmed": 9734,
"Recovered": 7775,
"Deceased": 96
},
{
"Date": "17-05-2021",
"Confirmed": 9884,
"Recovered": 7863,
"Deceased": 96
},
{
"Date": "18-05-2021",
"Confirmed": 10025,
"Recovered": 7955,
"Deceased": 96
},
{
"Date": "19-05-2021",
"Confirmed": 10123,
"Recovered": 8115,
"Deceased": 99
},
{
"Date": "20-05-2021",
"Confirmed": 10261,
"Recovered": 8227,
"Deceased": 100
},
{
"Date": "21-05-2021",
"Confirmed": 10352,
"Recovered": 8338,
"Deceased": 102
},
{
"Date": "22-05-2021",
"Confirmed": 10452,
"Recovered": 8494,
"Deceased": 104
},
{
"Date": "23-05-2021",
"Confirmed": 10534,
"Recovered": 8614,
"Deceased": 105
},
{
"Date": "24-05-2021",
"Confirmed": 10615,
"Recovered": 8739,
"Deceased": 107
},
{
"Date": "25-05-2021",
"Confirmed": 10654,
"Recovered": 8861,
"Deceased": 109
},
{
"Date": "26-05-2021",
"Confirmed": 10725,
"Recovered": 8978,
"Deceased": 110
},
{
"Date": "27-05-2021",
"Confirmed": 10799,
"Recovered": 9184,
"Deceased": 112
},
{
"Date": "28-05-2021",
"Confirmed": 10856,
"Recovered": 9419,
"Deceased": 112
},
{
"Date": "29-05-2021",
"Confirmed": 10928,
"Recovered": 9667,
"Deceased": 112
},
{
"Date": "30-05-2021",
"Confirmed": 10980,
"Recovered": 9835,
"Deceased": 113
},
{
"Date": "31-05-2021",
"Confirmed": 11021,
"Recovered": 10038,
"Deceased": 113
},
{
"Date": "01-06-2021",
"Confirmed": 11068,
"Recovered": 10339,
"Deceased": 113
},
{
"Date": "02-06-2021",
"Confirmed": 11096,
"Recovered": 10596,
"Deceased": 114
},
{
"Date": "03-06-2021",
"Confirmed": 11118,
"Recovered": 10733,
"Deceased": 114
},
{
"Date": "04-06-2021",
"Confirmed": 11150,
"Recovered": 10779,
"Deceased": 114
},
{
"Date": "05-06-2021",
"Confirmed": 11186,
"Recovered": 10821,
"Deceased": 114
},
{
"Date": "06-06-2021",
"Confirmed": 11198,
"Recovered": 10871,
"Deceased": 114
},
{
"Date": "07-06-2021",
"Confirmed": 11225,
"Recovered": 10918,
"Deceased": 115
},
{
"Date": "08-06-2021",
"Confirmed": 11243,
"Recovered": 10967,
"Deceased": 116
},
{
"Date": "09-06-2021",
"Confirmed": 11254,
"Recovered": 11013,
"Deceased": 116
},
{
"Date": "10-06-2021",
"Confirmed": 11276,
"Recovered": 11028,
"Deceased": 116
},
{
"Date": "11-06-2021",
"Confirmed": 11288,
"Recovered": 11046,
"Deceased": 116
},
{
"Date": "12-06-2021",
"Confirmed": 11307,
"Recovered": 11062,
"Deceased": 117
},
{
"Date": "13-06-2021",
"Confirmed": 11318,
"Recovered": 11077,
"Deceased": 117
},
{
"Date": "14-06-2021",
"Confirmed": 11327,
"Recovered": 11099,
"Deceased": 118
},
{
"Date": "15-06-2021",
"Confirmed": 11337,
"Recovered": 11113,
"Deceased": 118
},
{
"Date": "16-06-2021",
"Confirmed": 11343,
"Recovered": 11127,
"Deceased": 118
},
{
"Date": "17-06-2021",
"Confirmed": 11352,
"Recovered": 11143,
"Deceased": 118
},
{
"Date": "18-06-2021",
"Confirmed": 11360,
"Recovered": 11158,
"Deceased": 118
},
{
"Date": "19-06-2021",
"Confirmed": 11366,
"Recovered": 11177,
"Deceased": 118
},
{
"Date": "20-06-2021",
"Confirmed": 11368,
"Recovered": 11192,
"Deceased": 118
},
{
"Date": "21-06-2021",
"Confirmed": 11373,
"Recovered": 11212,
"Deceased": 118
},
{
"Date": "22-06-2021",
"Confirmed": 11374,
"Recovered": 11228,
"Deceased": 118
},
{
"Date": "23-06-2021",
"Confirmed": 11375,
"Recovered": 11242,
"Deceased": 118
},
{
"Date": "24-06-2021",
"Confirmed": 11378,
"Recovered": 11254,
"Deceased": 118
},
{
"Date": "25-06-2021",
"Confirmed": 11379,
"Recovered": 11254,
"Deceased": 118
},
{
"Date": "26-06-2021",
"Confirmed": 11381,
"Recovered": 11254,
"Deceased": 118
},
{
"Date": "27-06-2021",
"Confirmed": 11382,
"Recovered": 11254,
"Deceased": 118
},
{
"Date": "28-06-2021",
"Confirmed": 11383,
"Recovered": 11254,
"Deceased": 118
},
{
"Date": "29-06-2021",
"Confirmed": 11386,
"Recovered": 11254,
"Deceased": 118
},
{
"Date": "30-06-2021",
"Confirmed": 11387,
"Recovered": 11254,
"Deceased": 118
},
{
"Date": "01-07-2021",
"Confirmed": 11389,
"Recovered": 11254,
"Deceased": 118
},
{
"Date": "02-07-2021",
"Confirmed": 11390,
"Recovered": 11254,
"Deceased": 118
},
{
"Date": "03-07-2021",
"Confirmed": 11392,
"Recovered": 11260,
"Deceased": 118
},
{
"Date": "04-07-2021",
"Confirmed": 11394,
"Recovered": 11260,
"Deceased": 118
},
{
"Date": "05-07-2021",
"Confirmed": 11396,
"Recovered": 11260,
"Deceased": 118
},
{
"Date": "06-07-2021",
"Confirmed": 11400,
"Recovered": 11264,
"Deceased": 118
},
{
"Date": "07-07-2021",
"Confirmed": 11404,
"Recovered": 11272,
"Deceased": 118
},
{
"Date": "08-07-2021",
"Confirmed": 11405,
"Recovered": 11272,
"Deceased": 118
},
{
"Date": "09-07-2021",
"Confirmed": 11405,
"Recovered": 11276,
"Deceased": 118
},
{
"Date": "10-07-2021",
"Confirmed": 11408,
"Recovered": 11276,
"Deceased": 118
},
{
"Date": "11-07-2021",
"Confirmed": 11408,
"Recovered": 11276,
"Deceased": 118
},
{
"Date": "12-07-2021",
"Confirmed": 11410,
"Recovered": 11276,
"Deceased": 118
},
{
"Date": "13-07-2021",
"Confirmed": 11411,
"Recovered": 11276,
"Deceased": 118
},
{
"Date": "14-07-2021",
"Confirmed": 11413,
"Recovered": 11276,
"Deceased": 118
},
{
"Date": "15-07-2021",
"Confirmed": 11413,
"Recovered": 11284,
"Deceased": 118
},
{
"Date": "16-07-2021",
"Confirmed": 11414,
"Recovered": 11284,
"Deceased": 118
},
{
"Date": "17-07-2021",
"Confirmed": 11415,
"Recovered": 11284,
"Deceased": 118
},
{
"Date": "18-07-2021",
"Confirmed": 11415,
"Recovered": 11287,
"Deceased": 118
},
{
"Date": "19-07-2021",
"Confirmed": 11418,
"Recovered": 11287,
"Deceased": 118
},
{
"Date": "20-07-2021",
"Confirmed": 11418,
"Recovered": 11287,
"Deceased": 118
},
{
"Date": "21-07-2021",
"Confirmed": 11418,
"Recovered": 11287,
"Deceased": 118
},
{
"Date": "22-07-2021",
"Confirmed": 11418,
"Recovered": 11287,
"Deceased": 118
},
{
"Date": "23-07-2021",
"Confirmed": 11418,
"Recovered": 11287,
"Deceased": 118
},
{
"Date": "24-07-2021",
"Confirmed": 11419,
"Recovered": 11287,
"Deceased": 118
},
{
"Date": "25-07-2021",
"Confirmed": 11420,
"Recovered": 11297,
"Deceased": 118
},
{
"Date": "26-07-2021",
"Confirmed": 11420,
"Recovered": 11297,
"Deceased": 118
},
{
"Date": "27-07-2021",
"Confirmed": 11420,
"Recovered": 11297,
"Deceased": 118
},
{
"Date": "28-07-2021",
"Confirmed": 11420,
"Recovered": 11297,
"Deceased": 118
},
{
"Date": "29-07-2021",
"Confirmed": 11421,
"Recovered": 11297,
"Deceased": 118
},
{
"Date": "30-07-2021",
"Confirmed": 11423,
"Recovered": 11297,
"Deceased": 118
},
{
"Date": "31-07-2021",
"Confirmed": 11424,
"Recovered": 11297,
"Deceased": 118
},
{
"Date": "01-08-2021",
"Confirmed": 11424,
"Recovered": 11297,
"Deceased": 118
},
{
"Date": "02-08-2021",
"Confirmed": 11424,
"Recovered": 11297,
"Deceased": 118
},
{
"Date": "03-08-2021",
"Confirmed": 11424,
"Recovered": 11302,
"Deceased": 118
},
{
"Date": "04-08-2021",
"Confirmed": 11424,
"Recovered": 11302,
"Deceased": 118
},
{
"Date": "05-08-2021",
"Confirmed": 11425,
"Recovered": 11302,
"Deceased": 118
},
{
"Date": "06-08-2021",
"Confirmed": 11425,
"Recovered": 11304,
"Deceased": 118
},
{
"Date": "07-08-2021",
"Confirmed": 11425,
"Recovered": 11304,
"Deceased": 118
},
{
"Date": "08-08-2021",
"Confirmed": 11425,
"Recovered": 11304,
"Deceased": 118
},
{
"Date": "09-08-2021",
"Confirmed": 11425,
"Recovered": 11304,
"Deceased": 118
},
{
"Date": "10-08-2021",
"Confirmed": 11425,
"Recovered": 11304,
"Deceased": 118
},
{
"Date": "11-08-2021",
"Confirmed": 11425,
"Recovered": 11304,
"Deceased": 118
},
{
"Date": "12-08-2021",
"Confirmed": 11425,
"Recovered": 11305,
"Deceased": 118
},
{
"Date": "13-08-2021",
"Confirmed": 11425,
"Recovered": 11307,
"Deceased": 118
},
{
"Date": "14-08-2021",
"Confirmed": 11425,
"Recovered": 11307,
"Deceased": 118
},
{
"Date": "15-08-2021",
"Confirmed": 11425,
"Recovered": 11307,
"Deceased": 118
},
{
"Date": "16-08-2021",
"Confirmed": 11425,
"Recovered": 11307,
"Deceased": 118
},
{
"Date": "17-08-2021",
"Confirmed": 11425,
"Recovered": 11307,
"Deceased": 118
},
{
"Date": "18-08-2021",
"Confirmed": 11426,
"Recovered": 11307,
"Deceased": 118
},
{
"Date": "19-08-2021",
"Confirmed": 11426,
"Recovered": 11307,
"Deceased": 118
},
{
"Date": "20-08-2021",
"Confirmed": 11426,
"Recovered": 11307,
"Deceased": 118
},
{
"Date": "21-08-2021",
"Confirmed": 11426,
"Recovered": 11307,
"Deceased": 118
},
{
"Date": "22-08-2021",
"Confirmed": 11426,
"Recovered": 11307,
"Deceased": 118
},
{
"Date": "23-08-2021",
"Confirmed": 11426,
"Recovered": 11307,
"Deceased": 118
},
{
"Date": "24-08-2021",
"Confirmed": 11426,
"Recovered": 11308,
"Deceased": 118
},
{
"Date": "25-08-2021",
"Confirmed": 11426,
"Recovered": 11308,
"Deceased": 118
},
{
"Date": "26-08-2021",
"Confirmed": 11426,
"Recovered": 11308,
"Deceased": 118
},
{
"Date": "27-08-2021",
"Confirmed": 11426,
"Recovered": 11308,
"Deceased": 118
},
{
"Date": "28-08-2021",
"Confirmed": 11426,
"Recovered": 11308,
"Deceased": 118
},
{
"Date": "29-08-2021",
"Confirmed": 11426,
"Recovered": 11308,
"Deceased": 118
},
{
"Date": "30-08-2021",
"Confirmed": 11426,
"Recovered": 11308,
"Deceased": 118
},
{
"Date": "31-08-2021",
"Confirmed": 11426,
"Recovered": 11308,
"Deceased": 118
},
{
"Date": "01-09-2021",
"Confirmed": 11426,
"Recovered": 11308,
"Deceased": 118
},
{
"Date": "02-09-2021",
"Confirmed": 11426,
"Recovered": 11308,
"Deceased": 118
},
{
"Date": "03-09-2021",
"Confirmed": 11426,
"Recovered": 11308,
"Deceased": 118
},
{
"Date": "04-09-2021",
"Confirmed": 11426,
"Recovered": 11308,
"Deceased": 118
},
{
"Date": "05-09-2021",
"Confirmed": 11426,
"Recovered": 11308,
"Deceased": 118
},
{
"Date": "06-09-2021",
"Confirmed": 11426,
"Recovered": 11308,
"Deceased": 118
},
{
"Date": "07-09-2021",
"Confirmed": 11426,
"Recovered": 11308,
"Deceased": 118
}
]